product_id,product_name,product_category,created_time,updated_time
1,Apple,Fruit,1711687213000,1711687213000
2,Orange,Fruit,1711687213000,1711687213000
4,Banana,Fruit,1712295423257,1712431910495
6,Grape,Fruit,1712431611625,1712431924752
7,Pear,Fruit,1712431924736,1712431924747
8,Red Grapefruit,FRUIT_AND_VEGETABLES,1712432824176,1714848499806
9,Kiwis,FRUIT_AND_VEGETABLES,1712432824186,1712433270045
10,Dried Turkish Apricots,FRUIT_AND_VEGETABLES,1712432824191,1712433270048
11,Plums,FRUIT_AND_VEGETABLES,1712432824196,1712433270049
12,D'Anjou Pears,FRUIT_AND_VEGETABLES,1712432824202,1712433270053
13,Finger Hot Hot Peppers,FRUIT_AND_VEGETABLES,1712432824209,1712433270051
14,Cilantro,FRUIT_AND_VEGETABLES,1712432824216,1712953919156
15,Green Onion,FRUIT_AND_VEGETABLES,1712432824223,1713507918503
16,Organics Whole Cremini Mushrooms,FRUIT_AND_VEGETABLES,1712432824229,1714122253447
17,Tomato On The Vine Red (1 Bunch),FRUIT_AND_VEGETABLES,1712432824234,1714848499825
18,Greenhouse Peppers,FRUIT_AND_VEGETABLES,1712432824241,1712953919225
19,Honeydew Melon,FRUIT_AND_VEGETABLES,1712432824247,1712953919195
20,Organic Dates,FRUIT_AND_VEGETABLES,1712432824254,1712433270072
21,Mint,FRUIT_AND_VEGETABLES,1712432824260,1714122253469
22,Fenugreek,FRUIT_AND_VEGETABLES,1712432824266,1712433270074
23,Grape Tomato 907G,FRUIT_AND_VEGETABLES,1712432824272,1712953919213
24,Yellow Onions,FRUIT_AND_VEGETABLES,1712432824279,1712433270084
25,Dried Turkish Figs,FRUIT_AND_VEGETABLES,1712432824285,1712433270082
26,Indian Eggplant,FRUIT_AND_VEGETABLES,1712432824290,1712953919211
27,Ataulfo Mango,FRUIT_AND_VEGETABLES,1712432824296,1714122253458
28,Gala Apples,FRUIT_AND_VEGETABLES,1712432824302,1712433270090
29,Red Peppers,FRUIT_AND_VEGETABLES,1712432824307,1712953919230
30,Rapini,FRUIT_AND_VEGETABLES,1712432824313,1714848499904
31,Bosc Pears,FRUIT_AND_VEGETABLES,1712432824317,1712433270099
32,Red Thai Hot Peppers,FRUIT_AND_VEGETABLES,1712432824322,1712433270102
33,Mini Cucumbers,FRUIT_AND_VEGETABLES,1712432824328,1712953919235
34,Organic Strawberries 1 LB,FRUIT_AND_VEGETABLES,1712432824340,1712433270112
35,Mandarin Oranges,FRUIT_AND_VEGETABLES,1712432824346,1712433270118
36,Walnuts,FRUIT_AND_VEGETABLES,1712432824353,1712433270115
37,Okra,FRUIT_AND_VEGETABLES,1712432824359,1714122253536
38,Garlic Bulbs,FRUIT_AND_VEGETABLES,1712432824365,1712433270130
39,Pitted Honey Dates,FRUIT_AND_VEGETABLES,1712432824371,1712433270126
40,White Mushrooms,FRUIT_AND_VEGETABLES,1712432824375,1714122253541
41,Beyond Sausage Hot Italian,MEAT,1712432839370,1714122267720
42,Angus Burger,MEAT,1712432839376,1714848518823
43,Original Bratwurst Sausage,MEAT,1712432839380,1714122267726
44,Sirloin Beef Burger,MEAT,1712432839383,1714848518886
45,Lean Beef Burgers  ,MEAT,1712432839388,1714848518875
46,Hot Italian Sausage,MEAT,1712432839391,1714122267757
47,Original Breakfast Sausage,MEAT,1712432839397,1714122267742
48,Maple Breakfast Sausage,MEAT,1712432839402,1714122267768
49,Goat Stew Bone In,MEAT,1712432839407,1712433287211
50,Red Hots Original Hot Dogs,MEAT,1712432839412,1714122267746
51,Thick & Juicy™ Beef Burgers  ,MEAT,1712432839418,1714848518953
52,Thick & Juicy™ Chicken Burgers ,MEAT,1712432839424,1714848518943
53,Natural Top Dogs Original Hot Dogs,MEAT,1712432839430,1714122267790
54,Honey Garlic Sausage,MEAT,1712432839437,1712433287240
55,Original Breakfast Sausage Rounds,MEAT,1712432839443,1714122267819
56,Brown Sugar & Honey Breakfast Sausage,MEAT,1712432839448,1712433287253
57,Lean Ground Pork,MEAT,1712432839453,1714848603468
58,Thick & Juicy™ Prime Rib Beef Burger,MEAT,1712432839459,1714848518997
59,Wagyu Beef Burgers,MEAT,1712432839465,1714848518979
60,Sirloin Tip Steak,MEAT,1712432839471,1712433287267
61,Sausage Mild Italian,MEAT,1712432839477,1712433287272
62,Chicken Leg with Bone,MEAT,1712432839484,1712433287276
63,Mild Italian Sausage,MEAT,1712432839491,1714122267878
64,Cheddar Hot Dogs,MEAT,1712432839498,1714122267836
65,Breakfast Sausage,MEAT,1712432839504,1714122267874
66,Thick & Juicy™ Sirloin Beef Burgers ,MEAT,1712432839511,1714848519057
67,Umami Wagyu Burgers,MEAT,1712432839518,1714848519014
68,Free From Angus Beef Burger,MEAT,1712432839525,1714848519050
69,Garlic & Herb,DELI_AND_PREPARED_MEALS,1712432855291,1714122282469
70,Buffalo-Style Chicken Breast Strips,DELI_AND_PREPARED_MEALS,1712432855300,1712433302154
71,Cheese,DAIRY_AND_EGGS,1712432855307,1714848596206
72,Lunch Mate Bologna Lunch Kit,DELI_AND_PREPARED_MEALS,1712432855312,1712433302162
73,Jalapeno,DELI_AND_PREPARED_MEALS,1712432855318,1714122282491
74,Semi-Soft Ripened Cheese Mini Gouda Taste 24% M.F.,DELI_AND_PREPARED_MEALS,1712432855324,1714122282495
75,Chicken Breast Strips,DELI_AND_PREPARED_MEALS,1712432855329,1712433302177
76,Lunch Mate Two Cheese Pizza Lunch Kit,DELI_AND_PREPARED_MEALS,1712432855335,1712433302181
77,Dry Cured Italian Dry Salami Snack Kit,DELI_AND_PREPARED_MEALS,1712432855339,1712433302185
78,Dry Cured Genoa Salami Snack Kit,DELI_AND_PREPARED_MEALS,1712432855355,1712433302188
79,Swiss,DELI_AND_PREPARED_MEALS,1712432855360,1712433302192
80,Light,DELI_AND_PREPARED_MEALS,1712432855364,1714122282516
81,Original (6 x 20g),DELI_AND_PREPARED_MEALS,1712432855368,1714122282503
82,Lunch Mate Turkey Lunch Kit,DELI_AND_PREPARED_MEALS,1712432855374,1712433302203
83,Italian-Style Chicken Breast Strips,DELI_AND_PREPARED_MEALS,1712432855378,1712433302206
84,Lunch Mate Ham Lunch Kit,DELI_AND_PREPARED_MEALS,1712432855386,1712433302215
85,Turkey Breast Strips,DELI_AND_PREPARED_MEALS,1712432855390,1712433302220
86,Cheese Dippers,DELI_AND_PREPARED_MEALS,1712432855394,1714122282533
87,Hardwood Smoked Turkey Breast Snack Kit,DELI_AND_PREPARED_MEALS,1712432855398,1712433302229
88,Lunch Mate Pizza Pepperoni Lunch Kit,DELI_AND_PREPARED_MEALS,1712432855403,1712433302234
89,Lunch Mate Hot Dogs Lunch Kit,DELI_AND_PREPARED_MEALS,1712432855408,1712433302238
90,Creamy Potato Salad,DELI_AND_PREPARED_MEALS,1712432869877,1712433319578
91,Fettuccine,DELI_AND_PREPARED_MEALS,1712432869886,1712433319582
92,Rainbow Cheese Tortellini,DELI_AND_PREPARED_MEALS,1712432869892,1712433319585
93,Macaroni Salad,DELI_AND_PREPARED_MEALS,1712432869899,1714848620644
94,Creamy Green Coleslaw,DELI_AND_PREPARED_MEALS,1712432869909,1712433319591
95,Cheese and Bacon Tortellini,DELI_AND_PREPARED_MEALS,1712432869915,1712433319595
96,Macaroni & Cheese Salad,DELI_AND_PREPARED_MEALS,1712432869924,1712433319599
97,Lasagna Sheets Pasta,DELI_AND_PREPARED_MEALS,1712432869930,1712433319611
98,Linguine,DELI_AND_PREPARED_MEALS,1712432869934,1712433319614
99,Beef Tortellini,DELI_AND_PREPARED_MEALS,1712432869939,1712433319603
100,Cheese & Spinach Ravioli,DELI_AND_PREPARED_MEALS,1712432869944,1712433319606
101,Potato & Egg Salad,DELI_AND_PREPARED_MEALS,1712432869947,1712433319618
102,Cooked Shrimp,FISH_AND_SEAFOOD,1712432886124,1713507970995
103,Pacific White Shrimp,FISH_AND_SEAFOOD,1712432886131,1713507971020
104,Almond Beverage,BEVERAGES,1712432903188,1714848615253
105,Farmer's Marble Cheese,DAIRY_AND_EGGS,1712432903195,1712433348065
106,Pizza Mozzarella Cheese,DAIRY_AND_EGGS,1712432903205,1712433348075
107,Thick Processed Cheddar Cheese Slices,DAIRY_AND_EGGS,1712432903215,1712954001636
108,3.25% M.F. Dahi Yogurt,DAIRY_AND_EGGS,1712432903220,1712433348111
109,Organic Soy Beverage,BEVERAGES,1712432903230,1714122355099
110,Old White Cheddar Cheese Slices,DAIRY_AND_EGGS,1712432903236,1714122329683
111,Herb & Garlic Cheddar Cheese Slices,DAIRY_AND_EGGS,1712432903242,1712433348092
112,Marble Cheddar Cheese Slices,DAIRY_AND_EGGS,1712432903248,1714508322702
113,Nesquik Milkshake,DAIRY_AND_EGGS,1712432903255,1714848584372
114,Source 0% Smooth Traditional Yogurt,DAIRY_AND_EGGS,1712432903260,1712433348231
115,Yop 3% Minigo Duo,DAIRY_AND_EGGS,1712432903264,1712433355492
116,Malai Paneer 20% M.F.,DAIRY_AND_EGGS,1712432903273,1712433348129
117,Tubes Yogurt Raspberry Flavour 1% M.F.,DAIRY_AND_EGGS,1712432903276,1712433348133
118,Havarti Cheese Slices,DAIRY_AND_EGGS,1712432903285,1712433348169
119,2% M.F. Dahi Yogurt,DAIRY_AND_EGGS,1712432903290,1712433348162
120,Processed Light Cheddar Cheese Slices,DAIRY_AND_EGGS,1712432903297,1713411105573
121,Oat Beverage,BEVERAGES,1712432903302,1714122361996
122,Yop 1% Drinkable Yogurt Pack,DAIRY_AND_EGGS,1712432903314,1712433348215
123,Swiss Cheese Slices,DAIRY_AND_EGGS,1712432903318,1714122329790
124,Monterey Jack Jalapeno Pepper Cheese Slices,DAIRY_AND_EGGS,1712432903322,1712433348152
125,Processed cheddar cheese slices,DAIRY_AND_EGGS,1712432903326,1712954001687
126,Fat Free Processed Cheddar Cheese Slices,DAIRY_AND_EGGS,1712432903329,1713411105577
127,Habanero Monterey Jack Cheese Slices,DAIRY_AND_EGGS,1712432903333,1714122329784
128,Source Yogurt Vanilla 0% M.F.,DAIRY_AND_EGGS,1712432903339,1712433348199
129,Mozzarellissima,DAIRY_AND_EGGS,1712432903342,1714848596131
130,Light Medium Cheddar Cheese Slices,DAIRY_AND_EGGS,1712432903346,1714122329796
131,Halal Yogurt,DAIRY_AND_EGGS,1712432903349,1712433355502
132,Tubes Yogurt Mixed Berry Flavour 1% M.F.,DAIRY_AND_EGGS,1712432903353,1712433348207
133,Lactose Free Mozzarellissima,DAIRY_AND_EGGS,1712432903356,1714848584528
134,Coconut Beverage,BEVERAGES,1712432903366,1714122355116
135,Light Cream Cheese,DAIRY_AND_EGGS,1712432903369,1714848658562
136,Tubes Yogurt Vanilla Flavour 1% M.F.,DAIRY_AND_EGGS,1712432903375,1712433348229
137,Light Marble Cheddar Cheese 19% M.F.,DAIRY_AND_EGGS,1712432903382,1712433355439
138,Margarine Spread,DAIRY_AND_EGGS,1712432903385,1712433348241
139,Signature Smoked Cheddar Cheese,DAIRY_AND_EGGS,1712432912615,1714122329873
140,Rolo Milkshake,DAIRY_AND_EGGS,1712432912624,1714848596018
141,Source Yogurt Peach 0% M.F.,DAIRY_AND_EGGS,1712432912630,1712433355461
142,Medium Cheddar Cheese,DAIRY_AND_EGGS,1712432912636,1714848669604
143,Mozzarella cheese stix,DAIRY_AND_EGGS,1712432912642,1712433355472
144,Original Cream Cheese Product,DAIRY_AND_EGGS,1712432912660,1712433355479
145,Country Biscuits,DAIRY_AND_EGGS,1712432912668,1712433355468
146,Tubes Yogurt Bubble Gum Flavour Special Édition 1% M.F.,DAIRY_AND_EGGS,1712432912681,1712433355487
147,Bake It Puff Pastry,DAIRY_AND_EGGS,1712432912688,1712433355518
148,Mozzarella and cheddar cheese stix,DAIRY_AND_EGGS,1712432912692,1712433355508
149,Medium Cheddar Cheese Slices,DAIRY_AND_EGGS,1712432912699,1714508322691
150,Dairy Free Plant Based Oat Beverage,BEVERAGES,1712432912703,1712433373808
151,Pie Crusts,DAIRY_AND_EGGS,1712432912712,1712433355528
152,Creamy Cashew Beverage,BEVERAGES,1712432912718,1714122361991
153,Tubes Yogurt Cotton Candy Flavour 1% M.F.,DAIRY_AND_EGGS,1712432912722,1712433355541
154,Tubes Yogurt 1% M.F. Strawberry Banana & Fruit Punch,DAIRY_AND_EGGS,1712432912727,1712433355547
155,Tubes Zoo,DAIRY_AND_EGGS,1712432912731,1712433355553
156,Diet ,BEVERAGES,1712432930369,1714122354981
157,Diet Soda,BEVERAGES,1712432930378,1713508001780
158,Diet Soda Caffeine Free,BEVERAGES,1712432930384,1714122355013
159,Green Tea The Vert Naturellement Decafeine,BEVERAGES,1712432930390,1714848614919
160,Ginger Ale,BEVERAGES,1712432930398,1714848614982
161,Organic Watermelon Lemonade,BEVERAGES,1712432930403,1712433367472
162,Colombian Pure Ground Coffee And Other Origins,BEVERAGES,1712432930407,1712433367476
163,Clamato,BEVERAGES,1712432930410,1712433367496
164,Original Roast Ground Coffee,BEVERAGES,1712432930413,1714848692481
165,Soda,BEVERAGES,1712432930420,1714848615286
166,Diet Ginger Ale,BEVERAGES,1712432930424,1714122355081
167,The Vert Classique,BEVERAGES,1712432930430,1714848615096
168,Max Zero Sugar Soda,BEVERAGES,1712432930433,1714122355056
169,Ginger Ale Zero Sugar,BEVERAGES,1712432930442,1714122355077
170,Bottle,BEVERAGES,1712432930446,1714122361960
171,Zero,BEVERAGES,1712432930450,1714848614989
172,Motts Clamato,BEVERAGES,1712432930453,1712433367521
173,Decaffeinated Ground Coffee Classic Decaf,BEVERAGES,1712432930456,1712433367523
174,Pure Ground Coffee Rich Dark Roast,BEVERAGES,1712432930460,1712433367525
175,Black Silk Ground Coffee Dark,BEVERAGES,1712432930464,1712433367527
176,Orange Soda,BEVERAGES,1712432930470,1713508001662
177,Brisk Lemon Iced Tea,BEVERAGES,1712432930473,1714122355097
178,Club Soda,BEVERAGES,1712432930480,1712433367539
179,Tea,BEVERAGES,1712432930486,1713508001735
180,Decafeine Orange Pekoe,BEVERAGES,1712432930493,1714848615121
181,Zero Sugar,BEVERAGES,1712432930500,1714122361957
182,Orange Bottle,BEVERAGES,1712432930510,1714122355110
183,Ground Coffee Intensely Dark,BEVERAGES,1712432930514,1712433367559
184,The Orange Pekoe,BEVERAGES,1712432938786,1714848615216
185,Tray Variety Pack Soda,BEVERAGES,1712432938796,1712433373755
186,Root Beer Soda,BEVERAGES,1712432938806,1714122361970
187,Evaporated Milk,BEVERAGES,1712432938822,1712433373735
188,Zero Soda,BEVERAGES,1712432938829,1714118107063
189,Pespi Cans,BEVERAGES,1712432938833,1712433373766
190,Lemonade,BEVERAGES,1712432938838,1714508338752
191,Diet Coke Cans,BEVERAGES,1712432938845,1714848615259
192,Earl Grey The Speciaux,BEVERAGES,1712432938854,1714848615201
193,Organic Mango Lemonade,BEVERAGES,1712432938861,1712433373752
194,Root Beer,BEVERAGES,1712432938879,1714122362022
195,Caffeine Free,BEVERAGES,1712432938887,1712433373797
196,Organic Apple Juice from Concentrate Unsweetened,BEVERAGES,1712432938893,1712433373793
197,2% Evaporated Partly Skimmed Milk,BEVERAGES,1712432938901,1712433373790
198,Pure Ground Coffee Breakfast Blend,BEVERAGES,1712432938915,1712433373812
199,Cola,BEVERAGES,1712432938923,1714848625427
200,Tomato Clam Cocktail Original Light,BEVERAGES,1712432938927,1712433373823
201,Decaf Ground Coffee,BEVERAGES,1712432938930,1712433373831
202,Classic Roast Ground Coffee,BEVERAGES,1712432938933,1712433373827
203,Old Cheddar Cheese,DAIRY_AND_EGGS,1712433348236,1714848669627
204,Karela,FRUIT_AND_VEGETABLES,1712953833723,1712953919110
205,Spring Mix,FRUIT_AND_VEGETABLES,1712953833763,1712953919143
206,Salad Kit Chopped Sesame Wonton,FRUIT_AND_VEGETABLES,1712953833770,1712953919128
207,Chopped Lemon Tahini Crunch Salad Kit,FRUIT_AND_VEGETABLES,1712953833779,1712953919120
208,Russet Potatoes,FRUIT_AND_VEGETABLES,1712953833787,1714848567229
209,Honeycrisp Apples,FRUIT_AND_VEGETABLES,1712953833809,1712953919170
210,Sweet Potato,FRUIT_AND_VEGETABLES,1712953833817,1714848557472
211,Chopped Mexican Style Street Corn Salad Kit,FRUIT_AND_VEGETABLES,1712953833825,1712953919177
212,Bacon Caesar Chop Salad Kit,FRUIT_AND_VEGETABLES,1712953833832,1712953919183
213,Sweet Corn,FRUIT_AND_VEGETABLES,1712953833849,1714122253452
214,Yellow Potato,FRUIT_AND_VEGETABLES,1712953833860,1713507918494
215,Spinach,FRUIT_AND_VEGETABLES,1712953833869,1714122253465
216,English Cucumber,FRUIT_AND_VEGETABLES,1712953833883,1714848557418
217,Zucchini,FRUIT_AND_VEGETABLES,1712953833889,1714848557478
218,Navel Oranges,FRUIT_AND_VEGETABLES,1712953833900,1713507918533
219,Ginger,FRUIT_AND_VEGETABLES,1712953833912,1712953919233
220,Chipotle Ranch Chop Salad Kit,FRUIT_AND_VEGETABLES,1712953833923,1712953919237
221,Barbecue Ranch Chopped Salad Kit,FRUIT_AND_VEGETABLES,1712953833930,1712953919240
222,Pink Lady Apples,FRUIT_AND_VEGETABLES,1712953833937,1712953919242
223,Asparagus,FRUIT_AND_VEGETABLES,1712953833943,1713507918547
224,Mixiany Cherry Tomatoes,FRUIT_AND_VEGETABLES,1712953833949,1712953919247
225,Baby Spinach,FRUIT_AND_VEGETABLES,1712953833955,1714508201197
226,Chopped Harvest Crunch Salad Kit,FRUIT_AND_VEGETABLES,1712953833962,1713411023240
227,Caesar Salad Chop Kit,FRUIT_AND_VEGETABLES,1712953833967,1712953919254
228,Avocado Ranch Chopped Salad Kit,FRUIT_AND_VEGETABLES,1712953833974,1712953919258
229,Boneless Chicken Bites,MEAT,1712953852212,1713411037219
230,Boneless Chicken Bites Buffalo,MEAT,1712953852219,1712953938867
231,Hot & Honey Pepperoni,DELI_AND_PREPARED_MEALS,1712953852225,1714508277712
232,All Beef Hot Dogs,MEAT,1712953852232,1712953938879
233,Sausage Turkey Maple Flavour,MEAT,1712953852239,1712953938885
234,Italian Sausage,MEAT,1712953852246,1713411037348
235,Chicken Pepperoni Snacks,DELI_AND_PREPARED_MEALS,1712953852251,1714122282486
236,Ultimate Chicken Breakfast Sausages Original,MEAT,1712953852256,1712953938908
237,Mild Sugar-Cured Bacon,MEAT,1712953852263,1713411037275
238,Bacon,MEAT,1712953852269,1714848593144
239,Top Blade,MEAT,1712953852274,1713411037238
240,Ultimate Chicken Breakfast Sausages Maple Flavour,MEAT,1712953852280,1714122267751
241,Italian Sausage Rosemary Garlic,MEAT,1712953852287,1713411037287
242,Lean Ground Halal Beef,MEAT,1712953852292,1713411037309
243,BBQ Chickens Bites,MEAT,1712953852300,1713411037318
244,Smoked Sausage,MEAT,1712953852305,1712953938961
245,Ultimate Dinner Sausage Hot,MEAT,1712953852316,1714122267773
246,Ultimate Mild Chicken Dinner Sausage,MEAT,1712953852323,1714122267807
247,Burger C/Pack 20'S 5Lb,MEAT,1712953852328,1713411037365
248,Boneless Chuck Tender Steak,MEAT,1712953852335,1713411037334
249,Daystarters Sausage Turkey,MEAT,1712953852342,1713411037327
250,Italian Sausage Mild Fennel,MEAT,1712953852354,1713411037355
251,Pepperoni Spicy,DELI_AND_PREPARED_MEALS,1712953852361,1714122282513
252,Pepperoni Original,DELI_AND_PREPARED_MEALS,1712953852368,1714122282528
253,Turkey Bites Smoked Turkey Sausage Original,DELI_AND_PREPARED_MEALS,1712953852374,1714122282522
254,Turkey Bites Smoked Turkey Sausage Honey Garlic,DELI_AND_PREPARED_MEALS,1712953852380,1714122282525
255,Pork Tenderloin Pack of 2,MEAT,1712953852388,1713411037371
256,Juicy Jumbos All Beef Hot Dogs,MEAT,1712953852394,1712953939051
257,Dry Cured Bavarian Salami Sticks,DELI_AND_PREPARED_MEALS,1712953852401,1714122282537
258,Juicy Jumbos Original Hot Dogs,MEAT,1712953852406,1712953939068
259,Turkey Bites Smoked Turkey Sausage Spicy,DELI_AND_PREPARED_MEALS,1712953852411,1714122282540
260,Tuscan Style Salami Sticks Dry Cured,DELI_AND_PREPARED_MEALS,1712953852416,1714122282548
261,Herb & Spice Havarti Cheese Block,DELI_AND_PREPARED_MEALS,1712953869275,1714122282474
262,Crispy Minis Brown Rice Chips Sweet & Thin Cocoa Crunch,DELI_AND_PREPARED_MEALS,1712953869293,1714848535089
263,Salami Genoa,DELI_AND_PREPARED_MEALS,1712953869304,1712953954096
264,Tandoori Chicken Breast Cooked,DELI_AND_PREPARED_MEALS,1712953869346,1713411055517
265,Silken Tofu,DELI_AND_PREPARED_MEALS,1712953869356,1714848535131
266,Firm Tofu,DELI_AND_PREPARED_MEALS,1712953869370,1714848535161
267,Gouda Cheese,DAIRY_AND_EGGS,1712953869385,1714848669470
268,Extra Firm Tofu,DELI_AND_PREPARED_MEALS,1712953869397,1714848535208
269,Feta Cheese Twin Pack,DELI_AND_PREPARED_MEALS,1712953869409,1712953954172
270,Crispy Minis Apple Cinnamon Rice Cakes,DELI_AND_PREPARED_MEALS,1712953869420,1713411055533
271,Bocconcini Mini Twin Pack,DELI_AND_PREPARED_MEALS,1712953869433,1712953954153
272,Pepperoni Semi-Dry Cured,DELI_AND_PREPARED_MEALS,1712953869443,1713411055540
273,Medium Firm Tofu,DELI_AND_PREPARED_MEALS,1712953869453,1714848535189
274,Creamy Havarti Cheese,DELI_AND_PREPARED_MEALS,1712953869464,1714122282506
275,Cajun Chicken Breast Cooked,DELI_AND_PREPARED_MEALS,1712953869474,1713411055560
276,Crispy Minis Tortilla Farmhouse Cheddar Flavour Brown Rice Chips,DELI_AND_PREPARED_MEALS,1712953869495,1714848535290
277,Swiss Cheese,DELI_AND_PREPARED_MEALS,1712953869512,1714122282519
278,Crispy Minis Brown Rice Chips Sweet & Thin Salted Caramel,DELI_AND_PREPARED_MEALS,1712953869517,1714848535224
279,Crispy Minis All Dressed Flavour Brown Rice Chips,DELI_AND_PREPARED_MEALS,1712953869524,1714848535234
280,Ricotta Traditional Twin Pack,DELI_AND_PREPARED_MEALS,1712953869531,1712953954257
281,Crispy Minis Magic Masala Rice Cakes,DELI_AND_PREPARED_MEALS,1712953869545,1712953954265
282,Crispy Minis Tortilla Sour Cream & Chive Flavour Brown Rice Chips,DELI_AND_PREPARED_MEALS,1712953869555,1714848535322
283,Chicken Pot Pie,DELI_AND_PREPARED_MEALS,1712953883264,1714122298980
284,Go Raw White Shrimp 51/70,FISH_AND_SEAFOOD,1712953898746,1713411088431
285,Leg-style King Crab Flavoured Wild Alaska Pollock & Wild Pacific Whiting,FISH_AND_SEAFOOD,1712953898758,1714122312182
286,Cod Fillets Wild Pacific,FISH_AND_SEAFOOD,1712953898770,1714848567841
287,King Crab Flavoured Wild Alaska Pollock & Wild Pacific Whiting,FISH_AND_SEAFOOD,1712953898782,1714122312186
288,Go Cooked White Shrimp 61/90,FISH_AND_SEAFOOD,1712953898795,1714122312188
289,Basa Fillets,FISH_AND_SEAFOOD,1712953898806,1714848567865
290,Lobster Flavoured Wild Alaska Pollock Chunks,FISH_AND_SEAFOOD,1712953898814,1713411088457
291,Tilapia Fillets,FISH_AND_SEAFOOD,1712953898821,1714848567860
292,Wild Haddock Fillets Skinless Boneless,FISH_AND_SEAFOOD,1712953898828,1714848567854
293,King Crab Flavoured Wild Alaska Pollock Chunks,FISH_AND_SEAFOOD,1712953898835,1714122312191
294,Sole Fillets,FISH_AND_SEAFOOD,1712953898843,1714848567874
295,Smoked Steelhead Salmon,FISH_AND_SEAFOOD,1712953898851,1714122312193
296,Pink Salmon Fillets,FISH_AND_SEAFOOD,1712953898859,1714848567869
297,Margarine Quarters Value Size,DAIRY_AND_EGGS,1712954001596,1714122329699
298,Greek 2% Vanilla Bean Yogurt Crunch Cups with Dark Chocolate,DAIRY_AND_EGGS,1712954001608,1714122329733
299,Méditerranée Yogourt Mango 9 % M.F.,DAIRY_AND_EGGS,1712954001614,1714122329711
300,Dairy 3.2% Natural Yogurt,DAIRY_AND_EGGS,1712954001620,1712954001623
301,Cheez Whiz Cheese Spread,DAIRY_AND_EGGS,1712954001626,1712954001629
302,Greek Yogourt Crunch Café Latte Flavour 2 % M.F.,DAIRY_AND_EGGS,1712954001639,1714122329693
303,Méditerranée 9% Yogurt,DAIRY_AND_EGGS,1712954001645,1714122339466
304,Méditerranée Yogourt Key Lime Pie 9 % M.F.,DAIRY_AND_EGGS,1712954001653,1714122329675
305,Soy Barista,DAIRY_AND_EGGS,1712954001676,1714122329756
306,Margarine Club Pack,DAIRY_AND_EGGS,1712954001703,1714122329852
307,Source Yogurt Strawberry 0% M.F.,DAIRY_AND_EGGS,1712954001713,1714122329861
308,Dairy 2% Natural Yogurt,DAIRY_AND_EGGS,1712954001723,1713411105589
309,Oat Zero Sugar Beverage Original,DAIRY_AND_EGGS,1712954001759,1714122339429
310,Source Protein Yogurt Vanilla 0% M.F.,DAIRY_AND_EGGS,1712954001770,1714122339455
311,SuperDrink Orange Mango Bottle,BEVERAGES,1712954016866,1714122355018
312,Gourmet Swiss Water Process Decaffeinated Medium Roast Fine Grind Coffee,BEVERAGES,1712954016874,1714122354991
313,Zero Glacier Freeze,BEVERAGES,1712954016882,1712954016886
314,Fruit Punch Liquid Water Enhancer,BEVERAGES,1712954016891,1713411122392
315,Jammers,BEVERAGES,1712954016900,1713411122425
316,Fruit Punch Sports Drink,BEVERAGES,1712954016908,1713411122406
317,Singles,BEVERAGES,1712954016917,1713411122536
318,SuperDrink Strawberry Banana Bottle,BEVERAGES,1712954016939,1714122355074
319,Smooth,BEVERAGES,1712954016946,1712954016949
320,Nesquik Chocolate Powder,BEVERAGES,1712954016952,1714848615079
321,Peach Mango Liquid Water Enhancer,BEVERAGES,1712954016963,1713411122430
322,The Great Canadian Light to Medium Roast Single Serve Coffee Pods,BEVERAGES,1712954016969,1714848615103
323,Costa Rica Single Origin Medium Roast Single Serve Coffee Pods,BEVERAGES,1712954016986,1714122355070
324,Peach Cocktail,BEVERAGES,1712954016990,1714848692587
325,Pure Apple Juice Low Acid,BEVERAGES,1712954016997,1714848692516
326,Gourmet Medium Roast Fine Grind Coffee,BEVERAGES,1712954017004,1714122355092
327,100% Juice Morning Sunshine Orange With Pulp,BEVERAGES,1712954017011,1712954017014
328,Cranberry Cocktail,BEVERAGES,1712954017018,1714848625433
329,Gourmet Swiss Water Process Decaffeinated Medium Roast Single Serve Coffee Pods,BEVERAGES,1712954017024,1714848615100
330,Energy Acai Berry Energy Drink Mix,BEVERAGES,1712954017032,1712954017037
331,Lyte Blueberry Pomegranate,BEVERAGES,1712954017041,1714122355089
332,Sparkling Water Apple,BEVERAGES,1712954017051,1712954017055
333,Lemonade Liquid Water Enhancer,BEVERAGES,1712954017063,1713411122444
334,Gourmet West Coast Dark Roast Single Serve Coffee Pods,BEVERAGES,1712954017068,1714848615106
335,Pink Lemonade Liquid Water Enhancer,BEVERAGES,1712954017074,1713411122457
336,Cool Blue Sports Drink,BEVERAGES,1712954017084,1713411122505
337,Tangy,BEVERAGES,1712954017091,1712954017095
338,Colombian Supremo Single Origin Medium Roast Single Serve Coffee Pods,BEVERAGES,1712954017098,1714122361963
339,SuperDrink Fruit Punch Bottle,BEVERAGES,1712954017103,1714122361941
340,Gourmet Medium Roast Regular Grind Coffee,BEVERAGES,1712954017117,1714122361947
341,Watermelon Strawberry Liquid Water Enhancer,BEVERAGES,1712954017124,1713411122496
342,Orange Sports Drink,BEVERAGES,1712954017134,1713411122500
343,Lemon Lime Sports Drink (Case),BEVERAGES,1712954017141,1713411122487
344,The Great Canadian Light to Medium Roast Fine Grind Coffee,BEVERAGES,1712954017148,1714122362018
345,Gourmet Medium Roast Extra Fine Grind Coffee,BEVERAGES,1712954017154,1714122362009
346,Gourmet Medium Roast Single Serve Coffee Pods,BEVERAGES,1712954017161,1714122361994
347,100% Juice Morning Sunshine,BEVERAGES,1712954024853,1712954024859
348,Fruit Punch Cocktail,BEVERAGES,1712954024896,1714848692590
349,Infusions In-Wash Laundry Scent Booster Beads,HOUSEHOLD_AND_CLEANNING,1712954040577,1713411137509
350,Unstopables In-Wash Laundry Scent Booster Beads,HOUSEHOLD_AND_CLEANNING,1712954040588,1712954040670
351,Original 2 Ply Facial Tissue,HOUSEHOLD_AND_CLEANING,1712954040597,1714848640344
352,Ultra Dishwashing Liquid Dish Soap,HOUSEHOLD_AND_CLEANING,1712954040606,1714848640389
353,Black Garbage Bags - Extra-Large 135 Litres,HOUSEHOLD_AND_CLEANING,1712954040614,1714848640377
354,Aluminum Foil 50 feet,HOUSEHOLD_AND_CLEANNING,1712954040621,1712954040623
355,Black Garbage Bags - Regular 74 Litres,HOUSEHOLD_AND_CLEANING,1712954040626,1714848640428
356,Velour 3 Ply Facial Tissue,HOUSEHOLD_AND_CLEANNING,1712954040633,1712954040638
357,Laundry Liquid Fabric Softener,HOUSEHOLD_AND_CLEANNING,1712954040655,1713411137533
358,Fireworks In-Wash Scent Booster Beads,HOUSEHOLD_AND_CLEANNING,1712954040660,1713411137522
359,Light Laundry Scent Booster Beads for Washer,HOUSEHOLD_AND_CLEANNING,1712954040665,1713411137529
360,Ultra Laundry Liquid Fabric Softener (Fabric Conditioner),HOUSEHOLD_AND_CLEANNING,1712954040672,1713508014405
361,Essential Clean Liquid Dish Soap,HOUSEHOLD_AND_CLEANING,1712954040680,1714848640492
362,Passion Lavender & Lime,HOUSEHOLD_AND_CLEANING,1712954040688,1714848640449
363,ClingWrap Plastic Wrap,HOUSEHOLD_AND_CLEANNING,1712954040693,1713508014351
364,Kitchens Parchment Paper,HOUSEHOLD_AND_CLEANNING,1712954040701,1712954040705
365,Clear Garbage Bags - Large 90 Litres,HOUSEHOLD_AND_CLEANING,1712954040708,1714848640498
366,Black Garbage Bags - Large 90 Litres - ForceFlex,HOUSEHOLD_AND_CLEANING,1712954040713,1714848640513
367,Blue Recycling Bags,HOUSEHOLD_AND_CLEANING,1712954040719,1714848640503
368,Ultra Liquid Dish Soap,HOUSEHOLD_AND_CLEANING,1712954040727,1714848640488
369,Black Garbage Bags - Large 90 Litres,HOUSEHOLD_AND_CLEANING,1712954040735,1714848640508
370,Berry Pomegranate Liquid Water Enhancer,BEVERAGES,1713411122513,1713411122517
371,Forelle Pears,FRUIT_AND_VEGETABLES,1713505529207,1713507918485
372,Black Plums,FRUIT_AND_VEGETABLES,1713505529223,1714848577750
373,Taiwanese Flat Cabbage,FRUIT_AND_VEGETABLES,1713505529234,1713507918490
374,Mandarin,FRUIT_AND_VEGETABLES,1713505529252,1713507918499
375,Mango,FRUIT_AND_VEGETABLES,1713505529262,1714848557568
376,Fennel,FRUIT_AND_VEGETABLES,1713505529302,1713507918540
377,Variety Pack Tomatoes,FRUIT_AND_VEGETABLES,1713505529327,1714848499881
378,Strawberries 1LB,FRUIT_AND_VEGETABLES,1713505529339,1714122253486
379,Texas BBQ Chicken Wings,MEAT,1713505546473,1713507934364
380,Buttery Buffalo Chicken Wings,MEAT,1713505546483,1713507934394
381,Honey Garlic Wings,MEAT,1713505546531,1713507934423
382,Extra Lean Ground Beef,MEAT,1713505546541,1714848593133
383,Natural Selections Sliced Baked Honey Deli Ham,DELI_AND_PREPARED_MEALS,1713505562411,1713507946597
384,Sliced Gouda Cheese,DELI_AND_PREPARED_MEALS,1713505562417,1713507946603
385,Pretzel Crisps Bold & Spicy Buffalo Wing,DELI_AND_PREPARED_MEALS,1713505562421,1713507946619
386,Olive Medley,DELI_AND_PREPARED_MEALS,1713505562426,1713507946608
387,Sliced Monterey Jack with Jalapeno Cheese,DELI_AND_PREPARED_MEALS,1713505562437,1713507946629
388,Genoa Salami,DELI_AND_PREPARED_MEALS,1713505562447,1714848620809
389,Natural Selections Sliced Deli Turkey Breast,DELI_AND_PREPARED_MEALS,1713505562457,1713507946661
390,Genoa Hot Salami,DELI_AND_PREPARED_MEALS,1713505562466,1713507946673
391,Sliced Old White Cheddar Cheese,DELI_AND_PREPARED_MEALS,1713505562476,1713507946679
392,Calabrese Salami,DELI_AND_PREPARED_MEALS,1713505562485,1713507946719
393,Natural Selections Sliced Deli Chicken Breast,DELI_AND_PREPARED_MEALS,1713505562494,1713507946687
394,Ricotta,DELI_AND_PREPARED_MEALS,1713505562504,1713507946775
395,Dry Chorizo Sausage,DELI_AND_PREPARED_MEALS,1713505562514,1713507946736
396,Sliced Light Swiss Cheese,DELI_AND_PREPARED_MEALS,1713505562524,1713507946740
397,Mozzarella,DELI_AND_PREPARED_MEALS,1713505562534,1713507946728
398,Extra Lean Kolbassa Ham,DELI_AND_PREPARED_MEALS,1713505562544,1714508277695
399,Natural Selections Shaved Roast Beef Deli Meat,DELI_AND_PREPARED_MEALS,1713505562555,1713507946744
400,Herb & Spice Havarti,DELI_AND_PREPARED_MEALS,1713505562564,1713507946749
401,Smoked Black Forest Ham,DELI_AND_PREPARED_MEALS,1713505562576,1713507946762
402,Stuffed Mammoth Olives,DELI_AND_PREPARED_MEALS,1713505562587,1713507946753
403,Provolone Sliced Cheese,DELI_AND_PREPARED_MEALS,1713505562598,1713507946758
404,Tortellini Prosciutto & Cheese,DELI_AND_PREPARED_MEALS,1713505578090,1714848554801
405,Skillet Gnocchi,DELI_AND_PREPARED_MEALS,1713505578097,1714848554848
406,TruTaste 1% Milk,DAIRY_AND_EGGS,1713505612263,1713507986852
407,French Vanilla Milkshake,DAIRY_AND_EGGS,1713505612283,1713507986847
408,Yogurt With Probiotics,DAIRY_AND_EGGS,1713505612293,1713507986918
409,Probiotics Yogurt Fiber Plain,DAIRY_AND_EGGS,1713505612303,1713507986867
410,Trutaste Lactose Free 2% Milk,DAIRY_AND_EGGS,1713505612311,1713507986861
411,Two Good,DAIRY_AND_EGGS,1713505612321,1713507986879
412,Medium cheddar natural cheese sticks,DAIRY_AND_EGGS,1713505612330,1714848584532
413,Mozzarella cheddar Shredded Cheese,DAIRY_AND_EGGS,1713505612352,1714848584624
414,TruTaste Skim Milk,DAIRY_AND_EGGS,1713505612361,1713507986909
415,Lactose-Free Marble Cheese Sticks,DAIRY_AND_EGGS,1713505612378,1714848595959
416,Flavoured Milk,DAIRY_AND_EGGS,1713505612389,1713507986961
417,Two Good Vanilla Greek Yogurt,DAIRY_AND_EGGS,1713505612400,1713507986929
418,Cheestrings Marble Cheese,DAIRY_AND_EGGS,1713505612416,1714848596241
419,Trutaste Partially Skimmed Milk 2 percent MF,DAIRY_AND_EGGS,1713505612429,1713507986951
420,Fruit Punch Juice Beverage,BEVERAGES,1713505629531,1713508001614
421,Gourmet West Coast Dark Roast™ Whole Bean Coffee,BEVERAGES,1713505629536,1713508001623
422,PC® Espresso Whole Bean Coffee,BEVERAGES,1713505629541,1713508001639
423,Carbonated Natural Mineral Water,BEVERAGES,1713505629545,1713508001629
424,Earl Grey Specialty Tea,BEVERAGES,1713505629557,1713508001599
425,Super Herbal Tea Sunshine Lemon & Orange With Vitamin D,BEVERAGES,1713505629573,1713508001569
426,Super Herbal Tea-Boost Peach Ginger Dan with Vitamin B6,BEVERAGES,1713505629582,1713508001577
427,Super Green Tea Antiox Tropical With Vitamin C,BEVERAGES,1713505629591,1713508001591
428,Super Herbal Tea Immune+ Peppermint & Ginger With Zinc And Vitamin D,BEVERAGES,1713505629600,1713508001583
429,Passionate Peach Juice,BEVERAGES,1713505629609,1713508001672
430,Mixed Berry Juice Beverage,BEVERAGES,1713505629631,1713508001643
431,Peach Tea,BEVERAGES,1713505629640,1713508001652
432,Peppermint Herbal Cannister Pack,BEVERAGES,1713505629651,1713508001657
433,Herbal Tea Peppermint Spearmint Caffeine Free,BEVERAGES,1713505629666,1713508001677
434,Grape Punch Juice Beverage,BEVERAGES,1713505629675,1713508001689
435,Green Tea Naturally Decaffeinated,BEVERAGES,1713505629691,1713508001695
436,Super Tea Boost Berry Burst With Vitamin B6,BEVERAGES,1713505629702,1713508001708
437,Herbal Tea Iced Passion,BEVERAGES,1713505629712,1713508001701
438,Antiox Apple Cinnamon & Turmeric With Vitamin C,BEVERAGES,1713505629724,1713508001719
439,Breakfast Blend,BEVERAGES,1713505629735,1713508001724
440,Super Green Matcha,BEVERAGES,1713505629745,1713508001745
441,PC® Espresso Forte Whole Bean Coffee,BEVERAGES,1713505629751,1713508001730
442,Regular Coffee,BEVERAGES,1713505629764,1713508001751
443,Chai Latte Tea Concentrate,BEVERAGES,1713505629782,1713508001740
444,Rooibos Vanilla Specialty Tea,BEVERAGES,1713505629792,1713508001803
445,Coconut Milk,BEVERAGES,1713505629805,1713508001808
446,Herbal Tea Live Bold Cinnamon Chai Rooibos,BEVERAGES,1713505629830,1713508001770
447,Turmeric Echinacea Herbal Tea,BEVERAGES,1713505629841,1713508001787
448,Doughnuts Value Pack Light Roast Coffee 30 K-Cup Pods,BEVERAGES,1713505629851,1713508001796
449,Liquid Laundry Detergent Pods,HOUSEHOLD_AND_CLEANNING,1713505643670,1713508014382
450,Strong Easy Flaps Garbage Bags Regular 75 L,HOUSEHOLD_AND_CLEANNING,1713505643676,1713508014340
451,Velour Toilet Paper,HOUSEHOLD_AND_CLEANNING,1713505643680,1713508014344
452,Ultra Oxi Liquid Laundry Detergent Pods,HOUSEHOLD_AND_CLEANNING,1713505643689,1713508014347
453,Powerball Quantum Ultramax Automatic Dishwasher Detergent,HOUSEHOLD_AND_CLEANNING,1713505643698,1713508014355
454,Dishwasher Detergent Pods,HOUSEHOLD_AND_CLEANNING,1713505643707,1713508014418
455,Strong Easy Flaps Kitchen Bags Large 34 L,HOUSEHOLD_AND_CLEANNING,1713505643724,1713508014372
456,Multi-Surface Cleaner,HOUSEHOLD_AND_CLEANNING,1713505643729,1713508014364
457,Laundry Detergent Liquid Soap,HOUSEHOLD_AND_CLEANNING,1713505643735,1713508014377
458,Dryer Sheets,HOUSEHOLD_AND_CLEANNING,1713505643744,1713508014413
459,Ultra Strong Drawstring Garbage Bags Large 77 L,HOUSEHOLD_AND_CLEANNING,1713505643750,1713508014387
460,Powder Cleaner,HOUSEHOLD_AND_CLEANNING,1713505643756,1713508014391
461,Strong Easy Flaps Garbage Bags Large 77 L,HOUSEHOLD_AND_CLEANNING,1713505643763,1713508014396
462,Free & Gentle,HOUSEHOLD_AND_CLEANNING,1713505643770,1713508014400
463,Ultra Strong White Bags With Drawstring Tall 50 L,HOUSEHOLD_AND_CLEANNING,1713505643782,1713508014423
464,Feta,DELI_AND_PREPARED_MEALS,1713506004974,1713507946638
465,Kolbassa Sausage,DELI_AND_PREPARED_MEALS,1713506004983,1714508268230
466,Guacamole Classic,DELI_AND_PREPARED_MEALS,1713506004993,1713507946655
467,Hummus Roasted Garlic,DELI_AND_PREPARED_MEALS,1713506005034,1713507946714
468,Sliced Swiss Cheese,DELI_AND_PREPARED_MEALS,1713506005040,1713507946694
469,Creamy Havarti Cheese Slices,DELI_AND_PREPARED_MEALS,1713506005084,1713507946767
470,Rainbow Tortellini,DELI_AND_PREPARED_MEALS,1713506021079,1714848554783
471,Tex Mex Shredded Cheese,DAIRY_AND_EGGS,1713506051515,1714848584495
472,Yogurt With Probiotics Lemon Flavour,DAIRY_AND_EGGS,1713506051579,1713507986934
473,Probiotics Yogurt Source of Fibre,DAIRY_AND_EGGS,1713506051588,1713507986940
474,Trutaste Lactose Free Skim Milk,DAIRY_AND_EGGS,1713506051610,1713507986956
475,Herbal Tea Live Calm Camomile Spearmint Orange,BEVERAGES,1713506069385,1713508001634
476,100% Pure Coconut Water,BEVERAGES,1713506069490,1713508001765
477,Planet First Fragrance Free All Purpose Cleaner,HOUSEHOLD_AND_CLEANNING,1713506083139,1713508014337
478,Planet First Orange Blossom All Purpose Cleaner,HOUSEHOLD_AND_CLEANNING,1713506083202,1713508014409
479,Extra Large Red Seedless Grapes,FRUIT_AND_VEGETABLES,1714117992201,1714122253421
480,Romaine Hearts,FRUIT_AND_VEGETABLES,1714117992234,1714122253437
481,Green Beans,FRUIT_AND_VEGETABLES,1714117992240,1714848577727
482,Cucumbers 11 count,FRUIT_AND_VEGETABLES,1714117992246,1714848499794
483,Opo Squash,FRUIT_AND_VEGETABLES,1714117992274,1714122253480
484,Organics Baby Spinach,FRUIT_AND_VEGETABLES,1714117992279,1714122253474
485,Tomato Beefsteak Red,FRUIT_AND_VEGETABLES,1714117992295,1714122253492
486,Cantaloupe,FRUIT_AND_VEGETABLES,1714117992306,1714122253529
487,Mini Carrots,FRUIT_AND_VEGETABLES,1714117992314,1714122253516
488,Field Greens Salad Mix,FRUIT_AND_VEGETABLES,1714117992320,1714122253522
489,Ground Mild Italian Sausage,MEAT,1714118009890,1714122267738
490,Smokin Stampede Pork Back Ribs Frozen,MEAT,1714118009906,1714122267734
491,Chicken Breast Boneless & Skinless,MEAT,1714118009918,1714122267729
492,Ground Hot Italian Sausage,MEAT,1714118009993,1714122267779
493,Lean Ground Beef & Pork,MEAT,1714118010030,1714122267862
494,Beef Burger 4 Oz,MEAT,1714118010047,1714122267842
495,Wheat Thins Original Crackers,DELI_AND_PREPARED_MEALS,1714118028061,1714122282462
496,Mini Cheese Crackers,DELI_AND_PREPARED_MEALS,1714118028074,1714122282467
497,Ritz Cheese Nibs Crackers,DELI_AND_PREPARED_MEALS,1714118028081,1714122282464
498,Ritz Real Cheddar Cheese Crackers,DELI_AND_PREPARED_MEALS,1714118028111,1714122282465
499,Ritz Swiss Cheese Crackers,DELI_AND_PREPARED_MEALS,1714118028125,1714122282479
500,Vegetable Thins 40% Less Fat Snacking Crackers,DELI_AND_PREPARED_MEALS,1714118028140,1714122282481
501,Toppables Crackers,DELI_AND_PREPARED_MEALS,1714118028144,1714122282501
502,Thin Crisps Jalapeno Crackers,DELI_AND_PREPARED_MEALS,1714118028147,1714122282484
503,Ritz Original Crackers,DELI_AND_PREPARED_MEALS,1714118028158,1714122282493
504,Cheese Nibs Cheddar/Jalapeno Crackers,DELI_AND_PREPARED_MEALS,1714118028162,1714122282498
505,37% Less Fat Crackers,DELI_AND_PREPARED_MEALS,1714118028179,1714122282508
506,Cheese Nibs Sweet Chili & Sour Cream Crackers,DELI_AND_PREPARED_MEALS,1714118028195,1714122282531
507,Ritz Lows Sodium Crackers,DELI_AND_PREPARED_MEALS,1714118028211,1714122282545
508,Wheat Thins Multigrain Crackers,DELI_AND_PREPARED_MEALS,1714118028218,1714122282535
509,Vegetable Thins Original Crackers,DELI_AND_PREPARED_MEALS,1714118028229,1714122282543
510,Caramel Macchiato Cold Foam,DAIRY_AND_EGGS,1714118074089,1714122329661
511,Coffee Creamer,DAIRY_AND_EGGS,1714118074095,1714122329745
512,Havarti Cheese,DAIRY_AND_EGGS,1714118074126,1714848658664
513,Southern Butter Pecan Coffee Creamer,DAIRY_AND_EGGS,1714118074141,1714122329705
514,Reduced Sugar French Vanilla Coffee Creamer,DAIRY_AND_EGGS,1714118074173,1714122329827
515,Maple Latte Flavoured Coffee Creamer,DAIRY_AND_EGGS,1714118074185,1714122329773
516,Hazelnut Flavoured Coffee Creamer,DAIRY_AND_EGGS,1714118074194,1714122329822
517,Unsalted Butter,DAIRY_AND_EGGS,1714118074200,1714508315335
518,Monterey Jack Cheese,DAIRY_AND_EGGS,1714118074224,1714848669477
519,Smoke Flavoured Cheddar Cheese,DAIRY_AND_EGGS,1714118074232,1714122329809
520,Lactose Free Old Yellow Cheddar Cheese,DAIRY_AND_EGGS,1714118074257,1714122329831
521,Caramel Waffle Cookie Coffee Enhancer,DAIRY_AND_EGGS,1714118074266,1714122329857
522,Cheddar Cheese with Habanero,DAIRY_AND_EGGS,1714118074277,1714122329840
523,Lactose Free Marble Cheddar,DAIRY_AND_EGGS,1714118074308,1714122329890
524,Caramel Macchiato Coffee Creamer,DAIRY_AND_EGGS,1714118074324,1714122339413
525,French Vanilla Flavoured Coffee Creamer,DAIRY_AND_EGGS,1714118080967,1714118080970
526,Extra Old White Cheddar,DAIRY_AND_EGGS,1714118080979,1714122339420
527,Salted Butter,DAIRY_AND_EGGS,1714118080985,1714508315318
528,Naturally Lactose-Free Swiss Cheese,DAIRY_AND_EGGS,1714118081039,1714122339434
529,Hydrafruit Peach Juice Boxes,BEVERAGES,1714118097349,1714122354974
530,Hydrafruit Watermelon Apple Fruit Juice Boxes,BEVERAGES,1714118097357,1714122354977
531,Premium Brewed Ginseng and Honey Green Tea,BEVERAGES,1714118097365,1714122354979
532,Gut Healthy Soda Orange,BEVERAGES,1714118097371,1714122355022
533,Peach Clementine Juice,BEVERAGES,1714118097386,1714122354986
534,100% Natural Iced Tea with Lemon,BEVERAGES,1714118097411,1714122355033
535,Premium Medium Dark Roast,BEVERAGES,1714118097421,1714122361984
536,Espresso Instant Coffee,BEVERAGES,1714118097427,1714122355040
537,Cranberry Diet Beverage,BEVERAGES,1714118097432,1714122355044
538,Nutri Bone Support 100% Orange Juice,BEVERAGES,1714118097443,1714122355064
539,Cranberry Raspberry Cocktail,BEVERAGES,1714118097463,1714848614974
540,Exotic Mango Fruit Juice,BEVERAGES,1714118097486,1714122355084
541,Strawberry Banana Juice Boxes,BEVERAGES,1714118097519,1714122355113
542,35% Less Sugar Apple Juice Beverage,BEVERAGES,1714118097587,1714848692580
543,Gut Healthy Soda Lemon Lime,BEVERAGES,1714118097612,1714122361968
544,Berry Juice,BEVERAGES,1714118097629,1714122355125
545,Hydrafruit Strawberry Kiwi Fruit Juice Boxes,BEVERAGES,1714118107069,1714122361944
546,Low Acid 100% Orange Juice Nutri Pulp Free,BEVERAGES,1714118107081,1714118107084
547,SuperDrink Strawberry Grape Bottle,BEVERAGES,1714118107087,1714122362005
548,Hydrafruit Clementine Fruit Juice Boxes,BEVERAGES,1714118107093,1714122361978
549,Gourmet West Coast Dark Roast Fine Grind Coffee,BEVERAGES,1714118107099,1714122361981
550,Dark Roast Instant & Microground Coffee,BEVERAGES,1714118107109,1714122361988
551,Apple Juice,BEVERAGES,1714118107128,1714848614961
552,Diet Caffeine Free,BEVERAGES,1714118107138,1714122362001
553,Tropical Passion Fruit Juice,BEVERAGES,1714118107148,1714848615110
554,Light Roast Instant Coffee,BEVERAGES,1714118107156,1714122362015
555,Medium Roast Instant and Microground Coffee,BEVERAGES,1714122361948,1714122361952
558,Raspberries,FRUIT_AND_VEGETABLES,1714508081707,1714508201153
559,Seedless Green Grapes,FRUIT_AND_VEGETABLES,1714508081723,1714508201163
560,Red Seedless Grapes,FRUIT_AND_VEGETABLES,1714508081733,1714848557451
561,Blackberries,FRUIT_AND_VEGETABLES,1714508081744,1714848557460
562,Avocado,FRUIT_AND_VEGETABLES,1714508081751,1714508201190
563,Spring Salad Mix,FRUIT_AND_VEGETABLES,1714508081763,1714508201204
564,Hothouse Red Tomato,FRUIT_AND_VEGETABLES,1714508081770,1714508201208
565,Local Mini Cucumbers,FRUIT_AND_VEGETABLES,1714508081777,1714848557465
566,Cauliflower,FRUIT_AND_VEGETABLES,1714508081786,1714508216298
567,Grape Tomatoes,FRUIT_AND_VEGETABLES,1714508081799,1714848557485
568,Local Nantes Carrots,FRUIT_AND_VEGETABLES,1714508081807,1714848557492
569,Arugula,FRUIT_AND_VEGETABLES,1714508081816,1714508201236
570,Blueberries,FRUIT_AND_VEGETABLES,1714508081822,1714848557499
571,Red Potatoes,FRUIT_AND_VEGETABLES,1714508081830,1714848567344
572,Washed White Potatoes,FRUIT_AND_VEGETABLES,1714508081839,1714848557521
573,Strawberries,FRUIT_AND_VEGETABLES,1714508081847,1714848557525
574,"Bag Of Apples, Red Prince",FRUIT_AND_VEGETABLES,1714508081855,1714848557533
575,Sugar Snap Peas,FRUIT_AND_VEGETABLES,1714508081863,1714508201266
576,Bosc Pear,FRUIT_AND_VEGETABLES,1714508081871,1714508201271
577,San Marino Salad Mix,FRUIT_AND_VEGETABLES,1714508081879,1714508201277
578,Bag Of Limes,FRUIT_AND_VEGETABLES,1714508081888,1714848557549
579,Kiwi Basket,FRUIT_AND_VEGETABLES,1714508081896,1714508201287
580,Wrapped Broccoli Crown,FRUIT_AND_VEGETABLES,1714508089667,1714848557563
581,Spring Mix And Spinach Half & Half Salad Mix,FRUIT_AND_VEGETABLES,1714508089676,1714508208273
582,Bag Of Lemons,FRUIT_AND_VEGETABLES,1714508089687,1714848557573
583,"Bag Of Apples, McIntosh",FRUIT_AND_VEGETABLES,1714508089696,1714848567257
584,Hothouse Grape Tomatoes,FRUIT_AND_VEGETABLES,1714508089701,1714848567261
585,Bag Of Clementines,FRUIT_AND_VEGETABLES,1714508089708,1714848567264
586,Angelino Plums,FRUIT_AND_VEGETABLES,1714508089713,1714848567276
587,Canary Melon,FRUIT_AND_VEGETABLES,1714508089718,1714848567279
588,Bakset Of Red Plums,FRUIT_AND_VEGETABLES,1714508089724,1714848567282
589,Seedless Navel Orange,FRUIT_AND_VEGETABLES,1714508089729,1714508208360
590,Nantes Carrots,FRUIT_AND_VEGETABLES,1714508089733,1714848567328
591,"Local Greenhouse Grape Tomatoes, Royale",FRUIT_AND_VEGETABLES,1714508089738,1714848567291
592,Bag Of Halos Clementines,FRUIT_AND_VEGETABLES,1714508089743,1714848567320
593,Bicolor Corn,FRUIT_AND_VEGETABLES,1714508089748,1714508208398
594,Packed Sweet Corn,FRUIT_AND_VEGETABLES,1714508089753,1714848567326
595,"Bag Of Avocados, Hass",FRUIT_AND_VEGETABLES,1714508089758,1714848567339
596,Greenhouse Strawberries,FRUIT_AND_VEGETABLES,1714508089774,1714848577674
597,Grey Squash Zucchini,FRUIT_AND_VEGETABLES,1714508089779,1714508208433
598,Yellow Flesh Russet Potatoes,FRUIT_AND_VEGETABLES,1714508089784,1714848577678
599,Packed Local Sweet Corn,FRUIT_AND_VEGETABLES,1714508089790,1714848567323
600,Bag Of Honey Crisp Apples,FRUIT_AND_VEGETABLES,1714508089795,1714848567314
601,Flat Cabbage,FRUIT_AND_VEGETABLES,1714508089800,1714508208466
602,"Broccoli And Cauliflower Medley, Fresh",FRUIT_AND_VEGETABLES,1714508089805,1714508208470
603,"Vegetables Medley , Fresh",FRUIT_AND_VEGETABLES,1714508155452,1714508216240
604,Yellow Vidalia Onions,FRUIT_AND_VEGETABLES,1714508155459,1714848567331
605,Assorted Sweet Peppers,FRUIT_AND_VEGETABLES,1714508155468,1714848567342
606,Jalapeno Hot Peppers,FRUIT_AND_VEGETABLES,1714508155473,1714848567317
607,Mixed Salad,FRUIT_AND_VEGETABLES,1714508155482,1714508216289
608,Sweet Onions,FRUIT_AND_VEGETABLES,1714508155492,1714508216309
609,Yellow Flesh Potatoes,FRUIT_AND_VEGETABLES,1714508155498,1714848577689
610,"Bag Of Red Delicious Apples, Délicieuses",FRUIT_AND_VEGETABLES,1714508155504,1714848577700
611,Bag Of Avocados,FRUIT_AND_VEGETABLES,1714508155509,1714848577705
612,Seedless Watermelon,FRUIT_AND_VEGETABLES,1714508155515,1714848577714
613,Honey Mango,FRUIT_AND_VEGETABLES,1714508155520,1714848577721
614,"Bag Of Apples, Ambrosia",FRUIT_AND_VEGETABLES,1714508155529,1714848577732
615,Idaho Potatoes,FRUIT_AND_VEGETABLES,1714508155535,1714848577743
616,"Bag Of Apples, Royal Gala",FRUIT_AND_VEGETABLES,1714508155540,1714848577747
617,Local Grape Tomatoes,FRUIT_AND_VEGETABLES,1714508155548,1714848577753
618,Jumbo Cantaloupe,FRUIT_AND_VEGETABLES,1714508155553,1714848577756
619,Original Breakfast Sausages,MEAT,1714508231923,1714508231930
620,Peameal Chub,MEAT,1714508231935,1714508231941
621,Mild Italian Sausages,MEAT,1714508231946,1714848603426
622,Hot Italian Sausages,MEAT,1714508231952,1714848603522
623,Maple Flavoured Breakfast Sausages,MEAT,1714508231960,1714508231965
624,Sirloin Tip Steaks,MEAT,1714508231970,1714508231978
625,Original Recipe Bratwurst Sausages,MEAT,1714508231984,1714508231990
626,"Chicken Breast Souvlaki, Value Pack",MEAT,1714508231995,1714508231999
627,Smoked All Beef Weiners,MEAT,1714508232003,1714508232009
628,Garlic And Fine Herbs Flavoured Boneless Pork Loin F...,MEAT,1714508232012,1714508232016
629,"Hot 'N Spicy Wieners, Juicy Jumbos",MEAT,1714508232020,1714508232024
630,Old-Fashioned Bacon,MEAT,1714508232030,1714508232034
631,Honey And Mustard Flavoured Boneless Pork Loin Fille...,MEAT,1714508232037,1714508232043
632,Smoked Cheddar Sausages,MEAT,1714508232047,1714508232051
633,Smoked And Fully Cooked Cheddar Cheese Sausages,MEAT,1714508232054,1714508232058
634,Hardwood Smoked Classic Recipe Sausages,MEAT,1714508232062,1714508232067
635,Smoked And Cooked Bratwurst Sausages,MEAT,1714508232070,1714508232076
636,Pork Sirloin Kabobs Souvlaki,MEAT,1714508232080,1714508232085
637,"Smoked Sausages, Oktoberfest",MEAT,1714508232089,1714508232092
638,Wiener Sausage,MEAT,1714508232094,1714508232097
639,Pork Cottage Roll,MEAT,1714508232099,1714508232101
640,Smoked And Fully Cooked Original Recipe Sausages,MEAT,1714508232103,1714508232105
641,"Smoked All Beef Wieners, Juicy Jumbos",MEAT,1714508232107,1714508232109
642,"Original Smoked Wieners, Juicy Jumbos",MEAT,1714508232111,1714508232113
643,Honey Barbecue Beef Short Ribs,MEAT,1714508232116,1714508232119
644,Pork Belly Pieces,MEAT,1714508242334,1714508242341
645,3 Pork Rib And 6 Center Cut,MEAT,1714508242346,1714508242349
646,"Breaded Frozen Chicken Filets, Ultimates",MEAT,1714508242352,1714508242354
647,Boneless Skinless Chicken Thighs,MEAT,1714508242358,1714508242362
648,Carnita Pork'N Pull,MEAT,1714508242366,1714508242371
649,Honey Garlic And Thai Chili Sauce Breaded Mini Chick...,MEAT,1714508242375,1714508242381
650,Chicken Wings,MEAT,1714508242385,1714508242397
651,Pork Belly,MEAT,1714508242402,1714508242408
652,Bacon Wrapped Top Sirloin Beef,MEAT,1714508242413,1714508242419
653,Seasoned Extra Lean Ground Turkey,MEAT,1714508242425,1714508242429
654,Extra Lean Ground Chicken,MEAT,1714508242432,1714508242435
655,Sliced Beef Short Ribs,MEAT,1714508242437,1714508242441
656,"Whole Chicken Raised Without Antibiotics, Prime",MEAT,1714508242444,1714508242448
657,Buffalo Style Smoked Sausages With Cheese,MEAT,1714508242451,1714508242454
658,Korean Barbecue Pork Belly,MEAT,1714508242457,1714508242461
659,Three Cheese And Jalapeño Spicy Wiener,MEAT,1714508242464,1714508242468
660,Frozen Smoky Bacon Flavoured Wings With Budweiser Be...,MEAT,1714508242472,1714508242477
661,Footlong Weiners,MEAT,1714508242482,1714508242486
662,Honey Garlic Flavoured Chicken Wings,MEAT,1714508242492,1714508242496
663,Frozen Buttery Buffalo Chicken Wings,MEAT,1714508242499,1714508242502
664,Texas BBQ Flavoured Chicken Wings,MEAT,1714508242506,1714508242510
665,"Lean Ground Beef, Value Pack",MEAT,1714508242514,1714508242518
666,"Sirloin Tip Steak, Value Pack",MEAT,1714508242522,1714508242525
667,"Boneless Chicken Thighs, Value Pack",MEAT,1714508251622,1714508251630
668,Boneless Pork Shoulder Blade Roast,MEAT,1714508251641,1714508251644
669,Smoked Turkey Sausage,DELI_AND_PREPARED_MEALS,1714508251646,1714508284625
670,"Pork Shoulder Blade Steak, Value Pack",MEAT,1714508251651,1714508251654
671,Hummus,DELI_AND_PREPARED_MEALS,1714508268083,1714508268089
672,Tzatziki Dip,DELI_AND_PREPARED_MEALS,1714508268095,1714848620763
673,Roasted Garlic Hummus,DELI_AND_PREPARED_MEALS,1714508268102,1714848620750
674,Artichoke And Asiago Dip,DELI_AND_PREPARED_MEALS,1714508268110,1714848620742
675,Baba Ghannoush Dip,DELI_AND_PREPARED_MEALS,1714508268122,1714508268130
676,Spinach Dip,DELI_AND_PREPARED_MEALS,1714508268136,1714848620746
677,Roasted Red Pepper Hummus,DELI_AND_PREPARED_MEALS,1714508268148,1714508268154
678,Roasted Red Pepper Dip,DELI_AND_PREPARED_MEALS,1714508268161,1714508268167
679,Sliced Pepperoni For Pizza,DELI_AND_PREPARED_MEALS,1714508268174,1714508268180
680,Charcuterie Trio,DELI_AND_PREPARED_MEALS,1714508268187,1714508268194
681,Bruschetta,DAIRY_AND_EGGS,1714508268201,1714508315472
682,Roast Beef Au Jus,DELI_AND_PREPARED_MEALS,1714508268215,1714508268221
683,Shaved Beef Au Jus,DELI_AND_PREPARED_MEALS,1714508268236,1714508268243
684,"Sliced Prosciutto, Capocollo, And Mortadella Trio",DELI_AND_PREPARED_MEALS,1714508268249,1714508268261
685,Bbq Sauce Flavoured Pulled Pork,DELI_AND_PREPARED_MEALS,1714508268269,1714508268274
686,Philly-Style Shaved Steak,DELI_AND_PREPARED_MEALS,1714508268281,1714508268287
687,Caramelized Onion Flavoured Hummus,DELI_AND_PREPARED_MEALS,1714508268294,1714508268299
688,Polish Sausage,DELI_AND_PREPARED_MEALS,1714508268305,1714508268311
689,"Gravy Flavoured Turkey Roast, Quick-N-Easy",DELI_AND_PREPARED_MEALS,1714508268315,1714508268319
690,Salametti Salami,DELI_AND_PREPARED_MEALS,1714508268323,1714508268328
691,Smoked Original Pepperoni,DELI_AND_PREPARED_MEALS,1714508268332,1714508268339
692,Sopressata Salami,DELI_AND_PREPARED_MEALS,1714508268344,1714508268350
693,Shredded Natural Chicken,DELI_AND_PREPARED_MEALS,1714508268356,1714508268362
694,Shredded Natural Chicken With BBQ Seasoning,DELI_AND_PREPARED_MEALS,1714508268369,1714508268378
695,Spicy Pepperoni,DELI_AND_PREPARED_MEALS,1714508277621,1714508277625
696,Dill Pickle Hummus,DELI_AND_PREPARED_MEALS,1714508277629,1714508277633
697,Teriyaki Sesame Chicken,DELI_AND_PREPARED_MEALS,1714508277636,1714508277640
698,Tortellini 4 Cheese With Grana Padano Pasta,DELI_AND_PREPARED_MEALS,1714508277643,1714508277647
699,Italian Sausage With Parmigiano Reggiano Tortelloni,DELI_AND_PREPARED_MEALS,1714508277650,1714508277652
700,3 Tortellini Pasta Colours With 4 Cheese And Grana P...,DELI_AND_PREPARED_MEALS,1714508277656,1714508277659
701,Texas Style Sliced Beef Brisket,DELI_AND_PREPARED_MEALS,1714508277661,1714508277667
702,Braised Beef Tortelloni,DELI_AND_PREPARED_MEALS,1714508277669,1714508277674
703,Prosciutto And Parmigiano Reggiano Tortelloni,DELI_AND_PREPARED_MEALS,1714508277677,1714508277681
704,"Honey And Garlic Flavoured Smoked Turkey Sausages, T...",DELI_AND_PREPARED_MEALS,1714508277688,1714508277692
705,Pork Back Ribs In Lou'S Barbeque Sauce,DELI_AND_PREPARED_MEALS,1714508277697,1714508277701
706,Cheese And Spinach Ravioli With Grana Padano,DELI_AND_PREPARED_MEALS,1714508277703,1714508277707
707,Gluten Free Tuscan Style Salami Sticks,DELI_AND_PREPARED_MEALS,1714508277715,1714508277719
708,Cheddar And Jalapeno Flavoured Sausage,DELI_AND_PREPARED_MEALS,1714508277721,1714508277724
709,Loaded Spinach Dip,DELI_AND_PREPARED_MEALS,1714508277727,1714508277730
710,German Salami,DELI_AND_PREPARED_MEALS,1714508277733,1714508277736
711,Everything Bagel Hummus,DELI_AND_PREPARED_MEALS,1714508277739,1714508277743
712,"Pepperoni, Cup And Char",DELI_AND_PREPARED_MEALS,1714508277746,1714508277749
713,"Genoa Salami, Prosciutto, And Sopressata Trio",DELI_AND_PREPARED_MEALS,1714508277752,1714508277756
714,Spicy Dill Pickle Flavoured Dip,DELI_AND_PREPARED_MEALS,1714508277759,1714508277762
715,Bavarian Salami Sticks,DELI_AND_PREPARED_MEALS,1714508277765,1714508277768
716,Prosciutto Salami Chorizo Trio,DELI_AND_PREPARED_MEALS,1714508277772,1714508277775
717,Hot Calabrese Salami,DELI_AND_PREPARED_MEALS,1714508277778,1714508277783
718,Spicy Pepperoni Sticks,DELI_AND_PREPARED_MEALS,1714508284615,1714508284620
719,Frozen Cooked Pacific White Shrimp,FISH_AND_SEAFOOD,1714508298780,1714848642114
720,Frozen Shell-On Deveined Raw Pacific White Shrimp,FISH_AND_SEAFOOD,1714508298790,1714508298793
721,Frozen Atlantic Smoked Salmon Slices,FISH_AND_SEAFOOD,1714508298795,1714508298797
722,Frozen Basa Fillet,FISH_AND_SEAFOOD,1714508298800,1714508298807
723,"Selected Varieties Fresh Atlantic Salmon Fillets, Va...",FISH_AND_SEAFOOD,1714508298811,1714508298815
724,"2% Milk, PurFiltre",DAIRY_AND_EGGS,1714508315324,1714848658676
725,"1% Milk, PurFiltre",DAIRY_AND_EGGS,1714508315340,1714848669526
726,1.5% Berry Flavoured Yogurt Variety Pack,DAIRY_AND_EGGS,1714508315351,1714508315356
727,2% Lactose Free Milk,DAIRY_AND_EGGS,1714508315361,1714508315366
728,"1% Strawberry Flavoured Drinkable Yogurt, Nanö",DAIRY_AND_EGGS,1714508315370,1714508315376
729,0% Berry Flavoured Yogurt Variety Pack,DAIRY_AND_EGGS,1714508315380,1714508315386
730,1% Lactose Free Milk,DAIRY_AND_EGGS,1714508315404,1714508315409
731,"4% Balkan Style Fruit Yogurt Variety Pack, Original",DAIRY_AND_EGGS,1714508315414,1714508315419
732,1.5% Tropical Fruit Flavoured Yogurt Variety Pack,DAIRY_AND_EGGS,1714508315424,1714508315428
733,"0% Strawberry, Peach, Vanilla And Raspberry Flavoure...",DAIRY_AND_EGGS,1714508315433,1714508315438
734,"1% Raspberry Flavoured Drinkable Yogurt, Nanö",DAIRY_AND_EGGS,1714508315443,1714508315448
735,"1% Banana Flavoured Drinkable Yogurt, Nanö",DAIRY_AND_EGGS,1714508315451,1714508315455
736,Assorted Flavour 4% Balkan Style Yogurt Variety Pack...,DAIRY_AND_EGGS,1714508315460,1714508315465
737,"1% Vanilla Flavoured Drinkable Yogurt, Nanö",DAIRY_AND_EGGS,1714508315477,1714508315483
738,"Skim Milk, PurFiltre",DAIRY_AND_EGGS,1714508315488,1714508315491
739,"3.25% Lactose Free Milk, PurFiltre",DAIRY_AND_EGGS,1714508315498,1714508315502
740,"3.25% Vanilla, Blueberry, Strawberry And Peach Flavo...",DAIRY_AND_EGGS,1714508315506,1714508315511
741,Feta Cheese,DAIRY_AND_EGGS,1714508315515,1714508315519
742,0% Lactose Free Skim Milk,DAIRY_AND_EGGS,1714508315523,1714508315526
743,Margarine,DAIRY_AND_EGGS,1714508315529,1714508315534
744,"Old Cheddar Cheese With Cashews And Cranberries, Combo",DAIRY_AND_EGGS,1714508322588,1714508322595
745,"1% Chocolate Milk, UltraPur",DAIRY_AND_EGGS,1714508322602,1714508322607
746,"Marble Cheddar Cheese With Almonds And Cranberries, ...",DAIRY_AND_EGGS,1714508322612,1714508322616
747,"1.5% Cherry, Blueberry, Lemon, And Vanilla Yogurt Va...",DAIRY_AND_EGGS,1714508322618,1714508322621
748,1% Strawberry And Banana Flavoured Lactose-Free Drin...,DAIRY_AND_EGGS,1714508322626,1714508322628
749,Queso Dip,DAIRY_AND_EGGS,1714508322630,1714508322633
750,0% Vanilla Flavoured Yogurt,DAIRY_AND_EGGS,1714508322635,1714508322637
751,3.6% Creamy Plain Yogurt,DAIRY_AND_EGGS,1714508322641,1714508322644
752,"2% Milk, UltraPur",DAIRY_AND_EGGS,1714508322647,1714508322650
753,"0% Skim Milk, UltraPur",DAIRY_AND_EGGS,1714508322652,1714508322656
754,0% Plain Skyr Yogurt,DAIRY_AND_EGGS,1714508322660,1714508322664
755,1.5% Creamy Duo Yogurt,DAIRY_AND_EGGS,1714508322668,1714508322671
756,"3.25% Homogenized Milk, UltraPur",DAIRY_AND_EGGS,1714508322675,1714508322679
757,Monterey Jack Cheese Slices,DAIRY_AND_EGGS,1714508322683,1714508322687
758,Lactose Free Mozzarella Sliced Cheese,DAIRY_AND_EGGS,1714508322695,1714508322699
759,Old Cheddar Cheese Slices,DAIRY_AND_EGGS,1714508322704,1714508322707
760,Lactose Free Marble Cheddar Sliced Cheese,DAIRY_AND_EGGS,1714508322711,1714508322717
761,2% Strawberry Skyr Yogurt,DAIRY_AND_EGGS,1714508322721,1714848678395
762,Italian Cheese,DAIRY_AND_EGGS,1714508322728,1714508322730
763,Light Feta Cheese,DAIRY_AND_EGGS,1714508322733,1714508322736
764,6% Vanilla And Strawberry Flavoured Balkan Style Yog...,DAIRY_AND_EGGS,1714508322739,1714508322742
765,Lemon Flavoured Iced Tea,BEVERAGES,1714508338700,1714508338708
766,Raspberry Flavoured Iced Tea,BEVERAGES,1714508338720,1714508338725
767,Orange Juice With Some Pulp,BEVERAGES,1714508338728,1714508338733
768,Orange Juice Without Pulp,BEVERAGES,1714508338737,1714508338741
769,Watermelon Fruit Beverage,BEVERAGES,1714508338745,1714508338748
770,Red Grapefruit Juice,BEVERAGES,1714508338756,1714508338759
771,Strawberry And Peach Fruit Beverage,BEVERAGES,1714508338762,1714508338766
772,Pineapple And Mango Fruit Beverage With Lime,BEVERAGES,1714508338770,1714508338774
773,Orange Juice With Lots Of Pulp,BEVERAGES,1714508338776,1714508338781
774,"2 Ply Bathroom Tissue, UltraSoft",HOUSEHOLD_AND_CLEANING,1714508350979,1714508350984
775,Spring Waterfall Scented Disinfecting Wipes,HOUSEHOLD_AND_CLEANING,1714508350987,1714848720306
776,2-Ply Paper Towels,HOUSEHOLD_AND_CLEANING,1714508350993,1714508350996
777,Citrus Disinfecting Wipes,HOUSEHOLD_AND_CLEANING,1714508350998,1714848720238
778,"All In 1 Max™ Dishwasher Detergent Tabs, Powerball",HOUSEHOLD_AND_CLEANING,1714508351005,1714508351008
779,Chopped Kit Caesar,FRUIT_AND_VEGETABLES,1714848499729,1714848499761
780,Pistachios,FRUIT_AND_VEGETABLES,1714848499771,1714848499775
781,Guacamole Crunch Chopped Salad Kit,FRUIT_AND_VEGETABLES,1714848499778,1714848499782
782,Broccoli Crunch Chopped Salad Kit,FRUIT_AND_VEGETABLES,1714848499797,1714848499802
783,Mixed Little Gems,FRUIT_AND_VEGETABLES,1714848499815,1714848499819
784,Collard Greens,FRUIT_AND_VEGETABLES,1714848499829,1714848499833
785,Dill Pickle Chopped Salad Kit,FRUIT_AND_VEGETABLES,1714848499837,1714848499840
786,Chopped Salad Kit,FRUIT_AND_VEGETABLES,1714848499845,1714848499850
787,Thai Chili Mango Chopped Salad Kit,FRUIT_AND_VEGETABLES,1714848499854,1714848499858
788,Salted California Pistachios,FRUIT_AND_VEGETABLES,1714848499861,1714848499865
789,Caribbean Avocado,FRUIT_AND_VEGETABLES,1714848499869,1714848499872
790,Kale,FRUIT_AND_VEGETABLES,1714848499885,1714848499890
791,Unsalted California Pistachios,FRUIT_AND_VEGETABLES,1714848499892,1714848499895
792,Everything Chopped Salad Kit,FRUIT_AND_VEGETABLES,1714848499897,1714848499900
793,Yellow Mini Potatoes,FRUIT_AND_VEGETABLES,1714848499907,1714848499911
794,Maple Bourbon Bacon Chopped Salad Kit,FRUIT_AND_VEGETABLES,1714848499914,1714848499919
795,Wonderful Pistachios,FRUIT_AND_VEGETABLES,1714848499923,1714848499927
796,Buffalo Ranch Chopped Salad Kit,FRUIT_AND_VEGETABLES,1714848499932,1714848499936
797,Ruby Little Gems Potatoes,FRUIT_AND_VEGETABLES,1714848499941,1714848499948
798,Caulicrumble Veg Grounds,DELI_AND_PREPARED_MEALS,1714848518805,1714848535078
799,Turkey Sausages Mild Italian,MEAT,1714848518831,1714848518840
800,BBQ Pork Ribs,MEAT,1714848518846,1714848518852
801,Mighty Mushroom Bites,DELI_AND_PREPARED_MEALS,1714848518858,1714848535136
802,Turkey Sausages Bratwurst,MEAT,1714848518893,1714848518900
803,Turkey Sausages Hot Italian,MEAT,1714848518908,1714848518916
804,Reduced Salt Bacon,MEAT,1714848518924,1714848593148
805,Free From Bacon Naturally Smoked,MEAT,1714848518961,1714848518968
806,Original Veggie Patty,DELI_AND_PREPARED_MEALS,1714848518986,1714848535282
807,Pork Back Ribs,MEAT,1714848519021,1714848519029
808,Stewing Beef,MEAT,1714848519036,1714848519043
809,Tofu Dessert,DELI_AND_PREPARED_MEALS,1714848535093,1714848535344
810,Feta Cheese Olives 22 % M.F.,DELI_AND_PREPARED_MEALS,1714848535102,1714848535106
811,Breton Reduced Fat and Salt Crackers,DELI_AND_PREPARED_MEALS,1714848535111,1714848535116
812,Breton Basil and Olive Oil Crackers,DELI_AND_PREPARED_MEALS,1714848535120,1714848535125
813,Parmesan,DELI_AND_PREPARED_MEALS,1714848535140,1714848535144
814,Bocconcini Cheese,DAIRY_AND_EGGS,1714848535149,1714848658656
815,Breton Morning Toasts Everything,DELI_AND_PREPARED_MEALS,1714848535166,1714848535169
816,Feta Cheese Crumbled 24% M.F.,DELI_AND_PREPARED_MEALS,1714848535174,1714848535181
817,Feta in Brine,DELI_AND_PREPARED_MEALS,1714848535198,1714848535339
818,Breton Garden Vegetable Crackers,DELI_AND_PREPARED_MEALS,1714848535213,1714848535218
819,Feta Cheese Lactose Free 22 % M.F.,DELI_AND_PREPARED_MEALS,1714848535241,1714848535245
820,Tofu,DELI_AND_PREPARED_MEALS,1714848535251,1714848535256
821,Mozzarella Fresca,DELI_AND_PREPARED_MEALS,1714848535268,1714848535275
822,Breton Original Crackers,DELI_AND_PREPARED_MEALS,1714848535296,1714848535302
823,Veggie Crisps Cracker Chips All Dressed,DELI_AND_PREPARED_MEALS,1714848535308,1714848535316
824,Feta Cheese in Brine,DELI_AND_PREPARED_MEALS,1714848535327,1714848535332
825,Stix Skillet Gnocchi,DELI_AND_PREPARED_MEALS,1714848554788,1714848554794
826,Pesto Mozzarella Skillet Gnocchi,DELI_AND_PREPARED_MEALS,1714848554804,1714848554807
827,Pasta Sauce,DELI_AND_PREPARED_MEALS,1714848554810,1714848554841
828,Tortellini,DELI_AND_PREPARED_MEALS,1714848554823,1714848554827
829,Fresh Ricotta & Spinach Ravioli,DELI_AND_PREPARED_MEALS,1714848554832,1714848554836
830,Red Cluster Tomatoes,FRUIT_AND_VEGETABLES,1714848557424,1714848557430
831,Halves And Pieces Of Walnuts,FRUIT_AND_VEGETABLES,1714848557436,1714848557442
832,Colourful Coleslaw Salad,FRUIT_AND_VEGETABLES,1714848557503,1714848557507
833,Plantain,FRUIT_AND_VEGETABLES,1714848557538,1714848557543
834,Tropical Gold Pineapple,FRUIT_AND_VEGETABLES,1714848557554,1714848557557
835,Brussels Sprouts,FRUIT_AND_VEGETABLES,1714848557579,1714848557584
836,Sweet Purple Potato,FRUIT_AND_VEGETABLES,1714848557588,1714848557592
837,Artichoke,FRUIT_AND_VEGETABLES,1714848557595,1714848557599
838,Coloured Pepper,FRUIT_AND_VEGETABLES,1714848567285,1714848567288
839,Sweet Kale Chopped Salad Kit,DELI_AND_PREPARED_MEALS,1714848567294,1714848620717
840,Baby Romaine Lettuce,FRUIT_AND_VEGETABLES,1714848567299,1714848567301
841,Green Lettuce,FRUIT_AND_VEGETABLES,1714848567303,1714848567305
842,Premium Lettuce Mix,FRUIT_AND_VEGETABLES,1714848567307,1714848567309
843,Eggplant,FRUIT_AND_VEGETABLES,1714848567334,1714848567336
844,Boned Cod Fillets,FISH_AND_SEAFOOD,1714848567847,1714848567850
845,Whole Natural Almonds,FRUIT_AND_VEGETABLES,1714848577682,1714848577685
846,Bag Of Grapefruits,FRUIT_AND_VEGETABLES,1714848577693,1714848577696
847,Whole Roasted Cashew Nuts With No Salt Added,FRUIT_AND_VEGETABLES,1714848577708,1714848577710
848,Organic Blackberries,FRUIT_AND_VEGETABLES,1714848577734,1714848577737
849,Havarti Sliced Cheese,DAIRY_AND_EGGS,1714848584279,1714848584289
850,Cheestrings Mozzarella Cheese,DAIRY_AND_EGGS,1714848584294,1714848584299
851,Shreded Old Cheddar,DAIRY_AND_EGGS,1714848584304,1714848584308
852,Gouda Sliced Cheese,DAIRY_AND_EGGS,1714848584311,1714848584314
853,Monterey Jack Sliced Cheese,DAIRY_AND_EGGS,1714848584317,1714848584320
854,Cappuccino Yogurt 6%,DAIRY_AND_EGGS,1714848584323,1714848584327
855,Plain Yogurt 1%,DAIRY_AND_EGGS,1714848584330,1714848584334
856,Lactose Free Marble Cheddar Cheese Slices,DAIRY_AND_EGGS,1714848584337,1714848584340
857,Plain Yogurt 0%,DAIRY_AND_EGGS,1714848584343,1714848584346
858,Cheese Spread,DAIRY_AND_EGGS,1714848584349,1714848658552
859,Double Cheddar Shredded Cheese,DAIRY_AND_EGGS,1714848584356,1714848584360
860,Original Spread,DAIRY_AND_EGGS,1714848584364,1714848584368
861,Pizza Mozzarella Shredded Cheese,DAIRY_AND_EGGS,1714848584375,1714848584380
862,Bar Pizza Mozzerella 28%,DAIRY_AND_EGGS,1714848584384,1714848584389
863,Cheestrings Cheddar Cheese,DAIRY_AND_EGGS,1714848584393,1714848584396
864,Singles Original Thick Slices,DAIRY_AND_EGGS,1714848584404,1714848584407
865,Natural Cheese Sticks Marble Cheddar,DAIRY_AND_EGGS,1714848584410,1714848584414
866,Medium Cheddar Light,DAIRY_AND_EGGS,1714848584417,1714848584421
867,Old Cheddar Light,DAIRY_AND_EGGS,1714848584424,1714848584429
868,Cream,DAIRY_AND_EGGS,1714848584432,1714848584437
869,Nordica Cottage Cheese,DAIRY_AND_EGGS,1714848584441,1714848596184
870,Extra Creamy Greek Yogurt,DAIRY_AND_EGGS,1714848584458,1714848596032
871,High Protein Greek Yogurt,DAIRY_AND_EGGS,1714848584469,1714848596012
872,Fat Free Greek Yogurt,DAIRY_AND_EGGS,1714848584478,1714848596226
873,Greek Yogurt,DAIRY_AND_EGGS,1714848584487,1714848596026
874,Shredded Natural Cheese Triple Cheddar,DAIRY_AND_EGGS,1714848584504,1714848584510
875,Lactose Free 2% Dairy Product,DAIRY_AND_EGGS,1714848584519,1714848584523
876,Cherry Yogurt 3.25%,DAIRY_AND_EGGS,1714848584537,1714848584544
877,Plain Yogurt 6%,DAIRY_AND_EGGS,1714848584548,1714848584553
878,Nordica On-The-Go Cottage Cheese,DAIRY_AND_EGGS,1714848584556,1714848584559
879,Whipping Cream,DAIRY_AND_EGGS,1714848584563,1714848584567
880,Yogurt,DAIRY_AND_EGGS,1714848584572,1714848584589
881,Triple Cheddar Shredded Cheese Blend,DAIRY_AND_EGGS,1714848584594,1714848584597
882,Shredded Natural Cheese Pizza Mozzarella,DAIRY_AND_EGGS,1714848584603,1714848584606
883,Singles Original Slices,DAIRY_AND_EGGS,1714848584610,1714848584615
884,"Extra Lean Ground Beef, Value Pack",MEAT,1714848593137,1714848593140
885,Thick Sliced Bacon,MEAT,1714848593151,1714848593154
886,Maple Flavoured Bacon,MEAT,1714848593157,1714848593160
887,"Fully Cooked Bacon Slices, Ready Crisp",MEAT,1714848593163,1714848593166
888,"Applewood Smoked Original Ham, Value Pack",MEAT,1714848593169,1714848593172
889,Reduced Fat And Sodium Smoked Ham,MEAT,1714848593175,1714848593179
890,Chicken Wieners,MEAT,1714848593182,1714848593186
891,"Fully Cooked Crumbled Bacon, Ready Crisp",MEAT,1714848593190,1714848593194
892,"Reduced Salt Fully Cooked Bacon Slices, Ready Crisp",MEAT,1714848593197,1714848593201
893,Original Natural Smoked Ham,MEAT,1714848593204,1714848593206
894,Original Chicken Wieners,MEAT,1714848593210,1714848593213
895,"Frozen BBQ Flavoured Chicken Wings, Prime",MEAT,1714848593217,1714848593220
896,Frozen BBQ Pub Style Chicken Wings,MEAT,1714848593223,1714848593226
897,Frozen Montreal Steak Spice Mammoth Size Beef Burger...,MEAT,1714848593229,1714848593232
898,"All Pork Original Wieners, Value Pack, Red Hots",MEAT,1714848593235,1714848593239
899,Smoky Bbq Flavoured Frozen Angus Beef Burgers,MEAT,1714848593242,1714848593245
900,Frozen Sweet Honey Garlic Pub Style Chicken Wings,MEAT,1714848593248,1714848593251
901,"Frozen BBQ Mammoth Size Beef Burgers, Butcher Shop",MEAT,1714848593253,1714848593256
902,Lean Ground Beef Burgers,MEAT,1714848593258,1714848593261
903,"Boneless Eye Of Round Steak, Value Pack",MEAT,1714848593263,1714848593266
904,"Chicken Drumsticks, Value Pack",MEAT,1714848593269,1714848593272
905,Lactose Free Nacho Shredded Cheese Blend,DAIRY_AND_EGGS,1714848595968,1714848595973
906,Tex Mex Shredded Cheese Blend,DAIRY_AND_EGGS,1714848595979,1714848595984
907,Biobest Yogurt with Probiotics,DAIRY_AND_EGGS,1714848595990,1714848595996
908,Cheestrings Marble Lactose-Free Cheese,DAIRY_AND_EGGS,1714848595999,1714848596004
909,Plain Yogurt 2%,DAIRY_AND_EGGS,1714848596042,1714848596046
910,Shredded Natural Cheese Tex Mex,DAIRY_AND_EGGS,1714848596049,1714848596055
911,Grade A Large Eggs,DAIRY_AND_EGGS,1714848596077,1714848596084
912,Pizza Mozzarella and Cheddar Shredded Cheese Blend,DAIRY_AND_EGGS,1714848596089,1714848596095
913,Pizza Mozz Light 18%,DAIRY_AND_EGGS,1714848596100,1714848596106
914,Plain Yogurt 3%,DAIRY_AND_EGGS,1714848596112,1714848596118
915,Lactose Free Old Cheddar Cheese Slices,DAIRY_AND_EGGS,1714848596136,1714848596143
916,Half and Half Cream,DAIRY_AND_EGGS,1714848596148,1714848596155
917,Vanilla Yogurt 3.25%,DAIRY_AND_EGGS,1714848596166,1714848596170
918,Singles Original Light,DAIRY_AND_EGGS,1714848596175,1714848596180
919,Bar Old Cheddar,DAIRY_AND_EGGS,1714848596187,1714848596192
920,Trutaste Light Cream,DAIRY_AND_EGGS,1714848596196,1714848596200
921,Marble Cheddar Light,DAIRY_AND_EGGS,1714848596213,1714848596221
922,Marble Cheddar,DAIRY_AND_EGGS,1714848596230,1714848596234
923,Pork Chops,MEAT,1714848603432,1714848603438
924,"Lean Ground Pork, Value Pack",MEAT,1714848603444,1714848603450
925,Eye Of Round Steak,MEAT,1714848603455,1714848603460
926,Half Chicken Breats,MEAT,1714848603474,1714848603479
927,Frozen Kickin' Hot Buffalo Pub Style Chicken Wings,MEAT,1714848603483,1714848603487
928,"Frozen Buffalo Chicken Wings, Prime",MEAT,1714848603490,1714848603492
929,"Peppered Eye Round Steak, Value Pack",MEAT,1714848603494,1714848603495
930,Boneless Eye Of Round Roast,MEAT,1714848603498,1714848603500
931,"Fast Fry Eye Of Round Steak Marinated, Value Pack",MEAT,1714848603502,1714848603505
932,Sliced Boneless Skinless Chicken Breasts Raised With...,MEAT,1714848603508,1714848603512
933,"Selected Varieties Chicken Thighs, Value Pack",MEAT,1714848603515,1714848603518
934,Baby Back Pork Ribs,MEAT,1714848603525,1714848603528
935,Diet Cranberry Juice,BEVERAGES,1714848614926,1714848614932
936,Low Calorie Cranberry Raspberry Cocktail,BEVERAGES,1714848614937,1714848614943
937,Hydrafruit Watermelon Apple Fruit Juice,BEVERAGES,1714848614948,1714848614953
938,Mango Nectar,BEVERAGES,1714848614967,1714848614971
939,Fruit Integration Fruit Beverage,BEVERAGES,1714848614995,1714848615001
940,Cocktail Cranberry Pink,BEVERAGES,1714848615007,1714848615012
941,Cran-Pineapple Diet Low Calorie Beverage,BEVERAGES,1714848615017,1714848615023
942,Cranberry Mango Cocktail,BEVERAGES,1714848615044,1714848615067
943,Energy Drink The Red Edition™,BEVERAGES,1714848615083,1714848615086
944,Energy Drink Sugarfree™,BEVERAGES,1714848615089,1714848615092
945,Pineapple Nectar,BEVERAGES,1714848615113,1714848615117
946,Guava Nectar,BEVERAGES,1714848615124,1714848615127
947,Diet Cranberry Mango Cocktail,BEVERAGES,1714848615130,1714848615133
948,Hydrafruit Peach Beverage,BEVERAGES,1714848615136,1714848615139
949,Cranberry Lemonade Cocktail,BEVERAGES,1714848615145,1714848615150
950,Cranberry Pineapple Cocktail,BEVERAGES,1714848615153,1714848615156
951,Energy Drink™,BEVERAGES,1714848615160,1714848615165
952,Razzleberry,BEVERAGES,1714848615170,1714848615174
953,Lemon Tea,BEVERAGES,1714848615178,1714848615184
954,Blueberry Watermelon Wisdom Fruit Beverage,BEVERAGES,1714848615189,1714848615194
955,100% Juice Blends 100% Juice,BEVERAGES,1714848615206,1714848625456
956,Cran-Pom Cocktail,BEVERAGES,1714848615219,1714848615223
957,Cran Tropical Cocktail,BEVERAGES,1714848615227,1714848615230
958,Juice Drink,BEVERAGES,1714848615236,1714848615243
959,Peach Nectar,BEVERAGES,1714848615262,1714848615266
960,Pineapple Juice,BEVERAGES,1714848615270,1714848615274
961,Strawberry Passion Awareness Fruit Beverage,BEVERAGES,1714848615277,1714848615281
962,The Winter Edition Energy Drink Fig-Apple,BEVERAGES,1714848615292,1714848615297
963,Smoked Brown Sugar Ham,DELI_AND_PREPARED_MEALS,1714848620648,1714848620651
964,Potato Salad,DELI_AND_PREPARED_MEALS,1714848620654,1714848620657
965,"Coleslaw, Creamy",DELI_AND_PREPARED_MEALS,1714848620660,1714848620664
966,Gluten Free Cacciatore Salami,DELI_AND_PREPARED_MEALS,1714848620667,1714848620670
967,Genoa Salami Snack Kit,DELI_AND_PREPARED_MEALS,1714848620674,1714848620677
968,Turkey Breast Lunch Kit,DELI_AND_PREPARED_MEALS,1714848620680,1714848620683
969,Red Wine Salami Snack Kit,DELI_AND_PREPARED_MEALS,1714848620688,1714848620691
970,"Turkey Lunch Kit, Lunch Mate",DELI_AND_PREPARED_MEALS,1714848620694,1714848620698
971,Natural Ham And Cheese Lunch Kit,DELI_AND_PREPARED_MEALS,1714848620701,1714848620704
972,Natural Turkey And Cheese Lunch Kit,DELI_AND_PREPARED_MEALS,1714848620708,1714848620712
973,"Two Cheese Pizza Lunch Kit, Lunch Mate",DELI_AND_PREPARED_MEALS,1714848620720,1714848620723
974,"Mini Pepperoni Pizzas Lunch Kit, Lunch Mate",DELI_AND_PREPARED_MEALS,1714848620726,1714848620730
975,Dry Salami,DELI_AND_PREPARED_MEALS,1714848620733,1714848620737
976,Spicy Calabrese Salami Snack Kit,DELI_AND_PREPARED_MEALS,1714848620753,1714848620757
977,Prosciutto Ham,DELI_AND_PREPARED_MEALS,1714848620769,1714848620774
978,"Italian Style Dry Cured Meats, Gran Piatto",DELI_AND_PREPARED_MEALS,1714848620779,1714848620785
979,Roasted Red Peppers Hummus,DELI_AND_PREPARED_MEALS,1714848620812,1714848620816
980,Original Hummus,DELI_AND_PREPARED_MEALS,1714848620819,1714848620821
981,Peach Party,BEVERAGES,1714848625400,1714848625405
982,Orange Pure Breakfast Juice,BEVERAGES,1714848625410,1714848625413
983,Cranberry Cherry Cocktail,BEVERAGES,1714848625438,1714848625442
984,Passion Fruit Nectar,BEVERAGES,1714848625445,1714848625448
985,Energy Drink The Apricot Edition™ Sans Sucre,BEVERAGES,1714848625462,1714848625465
986,"Ham Lunch Kit, Lunch Mate",DELI_AND_PREPARED_MEALS,1714848627841,1714848627847
987,"Bologna Lunch Kit, Lunch Mate",DELI_AND_PREPARED_MEALS,1714848627851,1714848627855
988,"Kielbassa Sausage Lunch Kit, Lunch Mate",DELI_AND_PREPARED_MEALS,1714848627859,1714848627863
989,"Summer Sausage Lunch Kit, Lunch Mate",DELI_AND_PREPARED_MEALS,1714848627867,1714848627870
990,"Mini Burgers Kit, Lunchmate",DELI_AND_PREPARED_MEALS,1714848627873,1714848627877
991,Platinum Plus Dishwasher Detergent,HOUSEHOLD_AND_CLEANING,1714848640332,1714848640338
992,Free & Clear Laundry Loads,HOUSEHOLD_AND_CLEANING,1714848640350,1714848640356
993,Laundry Liquid,HOUSEHOLD_AND_CLEANING,1714848640369,1714848640395
994,Fabric Softener Dryer Sheets,HOUSEHOLD_AND_CLEANING,1714848640381,1714848640384
995,Ultra Oxi Liquid Laundry Detergent,HOUSEHOLD_AND_CLEANING,1714848640399,1714848640405
996,Complete ActionPacs,HOUSEHOLD_AND_CLEANING,1714848640409,1714848640414
997,Platinum ActionPacs Dishwasher Detergent Pods,HOUSEHOLD_AND_CLEANING,1714848640418,1714848640422
998,Liquid Fabric Softener,HOUSEHOLD_AND_CLEANING,1714848640433,1714848640438
999,Coldwater Clean Fresh HE Turbo Clean Liquid Laundry Detergent,HOUSEHOLD_AND_CLEANING,1714848640442,1714848640446
1000,Liquid Laundry Detergent Morning Fresh 100 Loads,HOUSEHOLD_AND_CLEANING,1714848640456,1714848640459
1001,Free & Gentle Liquid Laundry Detergent,HOUSEHOLD_AND_CLEANING,1714848640462,1714848640466
1002,Liquid Laundry Detergent Original Fresh 100 Loads,HOUSEHOLD_AND_CLEANING,1714848640469,1714848640472
1003,"Frozen Boned Wild Pacific Salmon, Market Cuts",FISH_AND_SEAFOOD,1714848642119,1714848642122
1004,"Frozen Boned Cod, Market Cuts",FISH_AND_SEAFOOD,1714848642124,1714848642128
1005,"Frozen Boned Haddock, Market Cuts",FISH_AND_SEAFOOD,1714848642131,1714848642135
1006,Frozen English Style Fish Fillets In Batter,FISH_AND_SEAFOOD,1714848642138,1714848642141
1007,Frozen Salt And Pepper Seasoned Breaded Calamari,FISH_AND_SEAFOOD,1714848642144,1714848642148
1008,Frozen Breaded Fish Sticks In A Family Pack,FISH_AND_SEAFOOD,1714848642151,1714848642154
1009,Frozen Beer Battered Fish Fillets,FISH_AND_SEAFOOD,1714848642158,1714848642162
1010,Frozen Fish Sticks In Tempura Batter In A Family Pack,FISH_AND_SEAFOOD,1714848642166,1714848642171
1011,FishBburgers,FISH_AND_SEAFOOD,1714848642176,1714848642180
1012,Frozen Roasted Garlic And Herb Seasoned Breaded Poll...,FISH_AND_SEAFOOD,1714848642184,1714848642188
1013,Frozen Lemon Peppercorn Seasoned Breaded Pollock Fil...,FISH_AND_SEAFOOD,1714848642191,1714848642196
1014,Frozen Boneless Skinless Tilapia,FISH_AND_SEAFOOD,1714848642199,1714848642204
1015,Whole Rainbow Trout,FISH_AND_SEAFOOD,1714848642208,1714848642213
1016,Frozen Breaded Haddock Fish Sticks,FISH_AND_SEAFOOD,1714848642217,1714848642222
1017,Frozen Tempura Battered Wild Haddock,FISH_AND_SEAFOOD,1714848642228,1714848642233
1018,Frozen Fish Fries In Tempura Batter In A Family Pack,FISH_AND_SEAFOOD,1714848642238,1714848642244
1019,Frozen Breaded Fish Cake,FISH_AND_SEAFOOD,1714848642247,1714848642252
1020,Frozen English Style Chips And Fish,FISH_AND_SEAFOOD,1714848642255,1714848642258
1021,Original Cream Cheese,DAIRY_AND_EGGS,1714848658498,1714848669550
1022,Original Cream Cheese Brick,DAIRY_AND_EGGS,1714848658509,1714848658516
1023,1% Chocolate Milk,DAIRY_AND_EGGS,1714848658531,1714848658533
1024,"3.25% Homogenized Milk, PurFiltre",DAIRY_AND_EGGS,1714848658538,1714848669532
1025,"Original Cream Cheese, Whipped",DAIRY_AND_EGGS,1714848658555,1714848658558
1026,Herb And Garlic Cream Cheese,DAIRY_AND_EGGS,1714848658565,1714848658568
1027,"Chive Cream Cheese, Whipped",DAIRY_AND_EGGS,1714848658571,1714848658575
1028,"Marbelicious Mozzarella Cheese Sticks, Cheesetrings",DAIRY_AND_EGGS,1714848658578,1714848658581
1029,"0% Skim Milk, PurFiltre",DAIRY_AND_EGGS,1714848658583,1714848678408
1030,Extra-Old Cheddar Cheese,DAIRY_AND_EGGS,1714848658591,1714848658594
1031,Light Cream Cheese Spread Brick,DAIRY_AND_EGGS,1714848658597,1714848658600
1032,Jalapeno Monterey Jack Cheese,DAIRY_AND_EGGS,1714848658603,1714848658606
1033,Mini Mini Bocconcini Cheese,DAIRY_AND_EGGS,1714848658611,1714848658616
1034,Smoked Salmon Cream Cheese,DAIRY_AND_EGGS,1714848658619,1714848658623
1035,Ricotta Cheese,DAIRY_AND_EGGS,1714848658627,1714848658634
1036,"Mozzarella Cheese Sticks, Cheesetrings",DAIRY_AND_EGGS,1714848658637,1714848658641
1037,Herbs And Garlic Flavoured Light Cream Cheese,DAIRY_AND_EGGS,1714848658647,1714848658652
1038,Chive And Onion Cream Cheese,DAIRY_AND_EGGS,1714848658669,1714848658672
1039,Light Ricotta,DAIRY_AND_EGGS,1714848669426,1714848669433
1040,Extra Smooth Ricotta Cheese,DAIRY_AND_EGGS,1714848669439,1714848669444
1041,Medallion Slices Bocconcini Cheese,DAIRY_AND_EGGS,1714848669449,1714848669455
1042,Strawberry Cream Cheese,DAIRY_AND_EGGS,1714848669460,1714848669466
1043,Marble Cheddar Cheese Sticks,DAIRY_AND_EGGS,1714848669482,1714848669488
1044,Lactose Free Marble Cheddar Cheese,DAIRY_AND_EGGS,1714848669493,1714848669499
1045,"Lactose Free Marble Mozzarella Cheese Sticks, Cheese...",DAIRY_AND_EGGS,1714848669506,1714848669513
1046,Medium Cheddar Cheese Sticks,DAIRY_AND_EGGS,1714848669517,1714848669521
1047,"Marbelicious Cheese Sticks, Cheestrings Ficello",DAIRY_AND_EGGS,1714848669536,1714848669541
1048,"Cheese Slices, Singles",DAIRY_AND_EGGS,1714848669556,1714848669562
1049,Old White Cheddar Cheese,DAIRY_AND_EGGS,1714848669567,1714848669573
1050,"Cheddarific Cheese Cheese Sticks, Cheestrings Ficello",DAIRY_AND_EGGS,1714848669579,1714848669585
1051,Marble Cheddar Shredded Cheese,DAIRY_AND_EGGS,1714848669591,1714848669597
1052,Paneer Cheese,DAIRY_AND_EGGS,1714848669608,1714848669613
1053,Marble Cheddar Cheese,DAIRY_AND_EGGS,1714848669618,1714848669622
1054,"Thick Cheese Slices, Singles",DAIRY_AND_EGGS,1714848669629,1714848669633
1055,Mozzarella Cheese,DAIRY_AND_EGGS,1714848669636,1714848669639
1056,Lactose Free Soft Original Cream Cheese,DAIRY_AND_EGGS,1714848669642,1714848669647
1057,"Thin Sliced Chesse, Velveeta",DAIRY_AND_EGGS,1714848678336,1714848678341
1058,"Cheese Sticks With Jalapeño Spices, Cheestrings",DAIRY_AND_EGGS,1714848678344,1714848678348
1059,Lactose Free Original Cream Cheese,DAIRY_AND_EGGS,1714848678353,1714848678358
1060,3 Shredded Cheese Blend,DAIRY_AND_EGGS,1714848678362,1714848678368
1061,Lactose Free Mozzarella Pizza Shredded Cheese,DAIRY_AND_EGGS,1714848678371,1714848678374
1062,Old Cheddar Shredded Cheese,DAIRY_AND_EGGS,1714848678377,1714848678380
1063,2% Vanilla Skyr Yogurt,DAIRY_AND_EGGS,1714848678384,1714848678389
1064,Herbs And Garlic Cream Cheese,DAIRY_AND_EGGS,1714848678399,1714848678404
1065,100% Natural Spring Water,BEVERAGES,1714848692488,1714848692494
1066,Pineapple Breeze 100% Juice Blend Made From Concentrate,BEVERAGES,1714848692522,1714848692528
1067,Guava And Mango Blend Fruit Juice Cocktail,BEVERAGES,1714848692533,1714848692539
1068,Fruit Punch Drink,BEVERAGES,1714848692545,1714848692551
1069,Peach Beverage,BEVERAGES,1714848692556,1714848692562
1070,Grape Beverage,BEVERAGES,1714848692566,1714848692572
1071,"Orange Juice With Pulp, Not From Concentrate",BEVERAGES,1714848692596,1714848692601
1072,Strawberry-Banana Cocktail Juice Boxes,BEVERAGES,1714848692604,1714848692607
1073,"Orange Juice Without Pulp, Not From Concentrate",BEVERAGES,1714848692610,1714848692615
1074,Breakfast Blend Ground Coffee,BEVERAGES,1714848692619,1714848692622
1075,Lemonade Juice Boxes,BEVERAGES,1714848692626,1714848692631
1076,"Orange, Carrot And Mango Flavoured Immuni Force Juic...",BEVERAGES,1714848692637,1714848692641
1077,Lemon Iced Tea Beverage,BEVERAGES,1714848692644,1714848692650
1078,Rich And Full Bodied Roast Ground Coffee,BEVERAGES,1714848692653,1714848692658
1079,Grape Cocktail Juice Boxes,BEVERAGES,1714848692664,1714848692671
1080,1896 Tradition Ground Coffee,BEVERAGES,1714848692676,1714848692682
1081,1896 Tradition Decaf Ground Coffee,BEVERAGES,1714848692686,1714848692690
1082,"Pinea Colada Fruit Drink, Limited Edition",BEVERAGES,1714848692693,1714848692696
1083,"Berry Pomegranate Antioxidant Juice, Health Break",BEVERAGES,1714848692699,1714848692704
1084,"Full City Dark Ground Coffee, Bold",BEVERAGES,1714848702144,1714848702149
1085,Original Roast Coffee Compostable Pods,BEVERAGES,1714848702163,1714848702171
1086,House Blend Coffee Compostable Pods,BEVERAGES,1714848702177,1714848702180
1087,Lemon-Lime Lemonade,BEVERAGES,1714848702186,1714848702188
1088,Dark Roast Coffee Compostable Pods,BEVERAGES,1714848702190,1714848702192
1089,Decaf Coffee Compostable Pods,BEVERAGES,1714848702194,1714848702196
1090,Morning Blend Coffee Compostable Pods,BEVERAGES,1714848702197,1714848702199
1091,"2-Ply Paper Towels, Ultra",HOUSEHOLD_AND_CLEANING,1714848720162,1714848720165
1092,2-Ply Bathroom Tissue,HOUSEHOLD_AND_CLEANING,1714848720168,1714848720171
1093,"Original Dishwashing Liquid Soap, Essential Clean",HOUSEHOLD_AND_CLEANING,1714848720173,1714848720176
1094,"Lavender And Lime Ultra Concentrated Dish Soap, Ultra",HOUSEHOLD_AND_CLEANING,1714848720179,1714848720183
1095,Marine Purity™ Liquid Dish Soap,HOUSEHOLD_AND_CLEANING,1714848720186,1714848720189
1096,"Orange Liquid Dish Soap, Essential Clean",HOUSEHOLD_AND_CLEANING,1714848720192,1714848720194
1097,"Liquid Dish Soap, Ultra",HOUSEHOLD_AND_CLEANING,1714848720197,1714848720200
1098,"Lemon Liquid Dish Soap, Essential Clean",HOUSEHOLD_AND_CLEANING,1714848720202,1714848720205
1099,"Passion Fruit & Mandarin Liquid Dish Soap, Ultra",HOUSEHOLD_AND_CLEANING,1714848720208,1714848720211
1100,"Original Scented Dish Soap, Ultra",HOUSEHOLD_AND_CLEANING,1714848720214,1714848720217
1101,Oxiboost Waterfall Delight Scented HE Laundry Deterg...,HOUSEHOLD_AND_CLEANING,1714848720220,1714848720223
1102,"Liquid Laundry Detergent For Newborns, Snow",HOUSEHOLD_AND_CLEANING,1714848720226,1714848720229
1103,2-Ply Facial Tissues,HOUSEHOLD_AND_CLEANING,1714848720232,1714848720235
1104,Free & Gentle Fabric Softener Sheets,HOUSEHOLD_AND_CLEANING,1714848720240,1714848720243
1105,Citrus And Salt Scented Dishwashing Detergent,HOUSEHOLD_AND_CLEANING,1714848720246,1714848720251
1106,"Outdoor Fresh Fabric Softener Sheets, 4-In-1",HOUSEHOLD_AND_CLEANING,1714848720254,1714848720258
1107,"2-Ply Paper Towel, Ultra Pro",HOUSEHOLD_AND_CLEANING,1714848720260,1714848720263
1108,"Mega 2-Ply Bathroom Tissue, UltraLuxe",HOUSEHOLD_AND_CLEANING,1714848720267,1714848720272
1109,Moonlight Breeze Scented Liquid Fabric Softener,HOUSEHOLD_AND_CLEANING,1714848720278,1714848720281
1110,April Fresh Scent Scented In-Wash Scent Booster Beads,HOUSEHOLD_AND_CLEANING,1714848720284,1714848720287
1111,"Free Of Dyes And Perfumes Softener, Free & Gentle",HOUSEHOLD_AND_CLEANING,1714848720289,1714848720292
1112,Lavender And Vanilla Bean Scented In-Wash Scent Boos...,HOUSEHOLD_AND_CLEANING,1714848720294,1714848720297
1113,"Cool Coton Scented Liquid Fabric Softener, Infusions",HOUSEHOLD_AND_CLEANING,1714848720299,1714848720302
1114,"Fresh Linen Scented Dryer Sheets, 4-In-1",HOUSEHOLD_AND_CLEANING,1714848727080,1714848727086
1115,"Refreshing Rain Scented Dish Soap, Platinum",HOUSEHOLD_AND_CLEANING,1714848727089,1714848727092
1116,"Lemon Scented Dishwashing Detergent, Ultra",HOUSEHOLD_AND_CLEANING,1714848727095,1714848727098
1117,Original Scented Liquid Fabric Softener,HOUSEHOLD_AND_CLEANING,1714848727101,1714848727104
1118,"April Fresh Scented Liquid Fabric Softener, Infusions",HOUSEHOLD_AND_CLEANING,1714848727107,1714848727113
1119,"Lush Scented In-Wash Scent Booster Beads, Unstoppables",HOUSEHOLD_AND_CLEANING,1714848727119,1714848727125
1120,Moonlight Breeze Scented In-Wash Scent Booster Beads...,HOUSEHOLD_AND_CLEANING,1714848727130,1714848727136
1121,"In-Wash Scent Booster Beads, Unstoppables",HOUSEHOLD_AND_CLEANING,1714848727141,1714848727148
1122,"Ocean Mist Scented In-Wash Scent Booster Beads, Light",HOUSEHOLD_AND_CLEANING,1714848727154,1714848727160
1123,"Original Scent In-Wash Scent Booster Beads, Fireworks",HOUSEHOLD_AND_CLEANING,1714848727166,1714848727171
1124,"White Lavender Scented In-Wash Scent Booster Beads, ...",HOUSEHOLD_AND_CLEANING,1714848727175,1714848727181
