product_name,standardized_product_name
Apple,Apple
Orange,Orange
Banana,Banana
Grape,Grape
Pear,Pear
Red Grapefruit,Red Grapefruit
Kiwis,Kiwis
Dried Turkish Apricots,Dried Turkish Apricots
Plums,Plums
D'Anjou Pears,D'anjou Pears
Finger Hot Hot Peppers,Finger Hot Hot Peppers
Cilantro,Cilantro
Green Onion,Green Onion
Organics Whole Cremini Mushrooms,Organics Whole Cremini Mushrooms
Tomato On The Vine Red (1 Bunch),Tomato On The Vine Red (1 Bunch)
Greenhouse Peppers,Greenhouse Peppers
Honeydew Melon,Honeydew Melon
Organic Dates,Organic Dates
Mint,Mint
Fenugreek,Fenugreek
Grape Tomato 907G,Grape Tomato 907g
Yellow Onions,Yellow Onions
Dried Turkish Figs,Dried Turkish Figs
Indian Eggplant,Indian Eggplant
Ataulfo Mango,Ataulfo Mango
Gala Apples,Gala Apples
Red Peppers,Red Peppers
Rapini,Rapini
Bosc Pears,Bosc Pears
Red Thai Hot Peppers,Red Thai Hot Peppers
Mini Cucumbers,Mini Cucumbers
Organic Strawberries 1 LB,Organic Strawberries 1 Lb
Mandarin Oranges,Mandarin Oranges
Walnuts,Walnuts
Okra,Okra
Garlic Bulbs,Garlic Bulbs
Pitted Honey Dates,Pitted Honey Dates
White Mushrooms,White Mushrooms
Beyond Sausage Hot Italian,Beyond Sausage Hot Italian
Angus Burger,Angus Burger
Original Bratwurst Sausage,Original Bratwurst Sausage
Sirloin Beef Burger,Sirloin Beef Burger
Lean Beef Burgers  ,Lean Beef Burgers
Hot Italian Sausage,Hot Italian Sausage
Original Breakfast Sausage,Original Breakfast Sausage
Maple Breakfast Sausage,Maple Breakfast Sausage
Goat Stew Bone In,Goat Stew Bone In
Red Hots Original Hot Dogs,Red Hots Original Hot Dogs
Thick & Juicy™ Beef Burgers  ,Thick & Juicy™ Beef Burgers
Thick & Juicy™ Chicken Burgers ,Thick & Juicy™ Chicken Burgers
Natural Top Dogs Original Hot Dogs,Natural Top Dogs Original Hot Dogs
Honey Garlic Sausage,Honey Garlic Sausage
Original Breakfast Sausage Rounds,Original Breakfast Sausage Rounds
Brown Sugar & Honey Breakfast Sausage,Brown Sugar & Honey Breakfast Sausage
Lean Ground Pork,Lean Ground Pork
Thick & Juicy™ Prime Rib Beef Burger,Thick & Juicy™ Prime Rib Beef Burger
Wagyu Beef Burgers,Wagyu Beef Burgers
Sirloin Tip Steak,Sirloin Tip Steak
Sausage Mild Italian,Sausage Mild Italian
Chicken Leg with Bone,Chicken Leg With Bone
Mild Italian Sausage,Mild Italian Sausage
Cheddar Hot Dogs,Cheddar Hot Dogs
Breakfast Sausage,Breakfast Sausage
Thick & Juicy™ Sirloin Beef Burgers ,Thick & Juicy™ Sirloin Beef Burgers
Umami Wagyu Burgers,Umami Wagyu Burgers
Free From Angus Beef Burger,Free From Angus Beef Burger
Garlic & Herb,Garlic & Herb
Buffalo-Style Chicken Breast Strips,Buffalo-style Chicken Breast Strips
Cheese,Cheese
Lunch Mate Bologna Lunch Kit,Lunch Mate Bologna Lunch Kit
Jalapeno,Jalapeno
Semi-Soft Ripened Cheese Mini Gouda Taste 24% M.F.,Semi-soft Ripened Cheese Mini Gouda Taste 24% M.f.
Chicken Breast Strips,Chicken Breast Strips
Lunch Mate Two Cheese Pizza Lunch Kit,Lunch Mate Two Cheese Pizza Lunch Kit
Dry Cured Italian Dry Salami Snack Kit,Dry Cured Italian Dry Salami Snack Kit
Dry Cured Genoa Salami Snack Kit,Dry Cured Genoa Salami Snack Kit
Swiss,Swiss
Light,Light
Original (6 x 20g),Original (6 X 20g)
Lunch Mate Turkey Lunch Kit,Lunch Mate Turkey Lunch Kit
Italian-Style Chicken Breast Strips,Italian-style Chicken Breast Strips
Lunch Mate Ham Lunch Kit,Lunch Mate Ham Lunch Kit
Turkey Breast Strips,Turkey Breast Strips
Cheese Dippers,Cheese Dippers
Hardwood Smoked Turkey Breast Snack Kit,Hardwood Smoked Turkey Breast Snack Kit
Lunch Mate Pizza Pepperoni Lunch Kit,Lunch Mate Pizza Pepperoni Lunch Kit
Lunch Mate Hot Dogs Lunch Kit,Lunch Mate Hot Dogs Lunch Kit
Creamy Potato Salad,Creamy Potato Salad
Fettuccine,Fettuccine
Rainbow Cheese Tortellini,Rainbow Cheese Tortellini
Macaroni Salad,Macaroni Salad
Creamy Green Coleslaw,Creamy Green Coleslaw
Cheese and Bacon Tortellini,Cheese And Bacon Tortellini
Macaroni & Cheese Salad,Macaroni & Cheese Salad
Lasagna Sheets Pasta,Lasagna Sheets Pasta
Linguine,Linguine
Beef Tortellini,Beef Tortellini
Cheese & Spinach Ravioli,Cheese & Spinach Ravioli
Potato & Egg Salad,Potato & Egg Salad
Cooked Shrimp,Cooked Shrimp
Pacific White Shrimp,Pacific White Shrimp
Almond Beverage,Almond Beverage
Farmer's Marble Cheese,Farmer's Marble Cheese
Pizza Mozzarella Cheese,Pizza Mozzarella Cheese
Thick Processed Cheddar Cheese Slices,Thick Processed Cheddar Cheese Slices
3.25% M.F. Dahi Yogurt,3.25% M.f. Dahi Yogurt
Organic Soy Beverage,Organic Soy Beverage
Old White Cheddar Cheese Slices,Old White Cheddar Cheese Slices
Herb & Garlic Cheddar Cheese Slices,Herb & Garlic Cheddar Cheese Slices
Marble Cheddar Cheese Slices,Marble Cheddar Cheese Slices
Nesquik Milkshake,Nesquik Milkshake
Source 0% Smooth Traditional Yogurt,Source 0% Smooth Traditional Yogurt
Yop 3% Minigo Duo,Yop 3% Minigo Duo
Malai Paneer 20% M.F.,Malai Paneer 20% M.f.
Tubes Yogurt Raspberry Flavour 1% M.F.,Tubes Yogurt Raspberry Flavour 1% M.f.
Havarti Cheese Slices,Havarti Cheese Slices
2% M.F. Dahi Yogurt,2% M.f. Dahi Yogurt
Processed Light Cheddar Cheese Slices,Processed Light Cheddar Cheese Slices
Oat Beverage,Oat Beverage
Yop 1% Drinkable Yogurt Pack,Yop 1% Drinkable Yogurt Pack
Swiss Cheese Slices,Swiss Cheese Slices
Monterey Jack Jalapeno Pepper Cheese Slices,Monterey Jack Jalapeno Pepper Cheese Slices
Processed cheddar cheese slices,Processed Cheddar Cheese Slices
Fat Free Processed Cheddar Cheese Slices,Fat Free Processed Cheddar Cheese Slices
Habanero Monterey Jack Cheese Slices,Habanero Monterey Jack Cheese Slices
Source Yogurt Vanilla 0% M.F.,Source Yogurt Vanilla 0% M.f.
Mozzarellissima,Mozzarellissima
Light Medium Cheddar Cheese Slices,Light Medium Cheddar Cheese Slices
Halal Yogurt,Halal Yogurt
Tubes Yogurt Mixed Berry Flavour 1% M.F.,Tubes Yogurt Mixed Berry Flavour 1% M.f.
Lactose Free Mozzarellissima,Lactose Free Mozzarellissima
Coconut Beverage,Coconut Beverage
Light Cream Cheese,Light Cream Cheese
Tubes Yogurt Vanilla Flavour 1% M.F.,Tubes Yogurt Vanilla Flavour 1% M.f.
Light Marble Cheddar Cheese 19% M.F.,Light Marble Cheddar Cheese 19% M.f.
Margarine Spread,Margarine Spread
Signature Smoked Cheddar Cheese,Signature Smoked Cheddar Cheese
Rolo Milkshake,Rolo Milkshake
Source Yogurt Peach 0% M.F.,Source Yogurt Peach 0% M.f.
Medium Cheddar Cheese,Medium Cheddar Cheese
Mozzarella cheese stix,Mozzarella Cheese Stix
Original Cream Cheese Product,Original Cream Cheese Product
Country Biscuits,Country Biscuits
Tubes Yogurt Bubble Gum Flavour Special Édition 1% M.F.,Tubes Yogurt Bubble Gum Flavour Special Édition 1% M.f.
Bake It Puff Pastry,Bake It Puff Pastry
Mozzarella and cheddar cheese stix,Mozzarella And Cheddar Cheese Stix
Medium Cheddar Cheese Slices,Medium Cheddar Cheese Slices
Dairy Free Plant Based Oat Beverage,Dairy Free Plant Based Oat Beverage
Pie Crusts,Pie Crusts
Creamy Cashew Beverage,Creamy Cashew Beverage
Tubes Yogurt Cotton Candy Flavour 1% M.F.,Tubes Yogurt Cotton Candy Flavour 1% M.f.
Tubes Yogurt 1% M.F. Strawberry Banana & Fruit Punch,Tubes Yogurt 1% M.f. Strawberry Banana & Fruit Punch
Tubes Zoo,Tubes Zoo
Diet ,Diet
Diet Soda,Diet Soda
Diet Soda Caffeine Free,Diet Soda Caffeine Free
Green Tea The Vert Naturellement Decafeine,Green Tea The Vert Naturellement Decafeine
Ginger Ale,Ginger Ale
Organic Watermelon Lemonade,Organic Watermelon Lemonade
Colombian Pure Ground Coffee And Other Origins,Colombian Pure Ground Coffee And Other Origins
Clamato,Clamato
Original Roast Ground Coffee,Original Roast Ground Coffee
Soda,Soda
Diet Ginger Ale,Diet Ginger Ale
The Vert Classique,The Vert Classique
Max Zero Sugar Soda,Max Zero Sugar Soda
Ginger Ale Zero Sugar,Ginger Ale Zero Sugar
Bottle,Bottle
Zero,Zero
Motts Clamato,Motts Clamato
Decaffeinated Ground Coffee Classic Decaf,Decaffeinated Ground Coffee Classic Decaf
Pure Ground Coffee Rich Dark Roast,Pure Ground Coffee Rich Dark Roast
Black Silk Ground Coffee Dark,Black Silk Ground Coffee Dark
Orange Soda,Orange Soda
Brisk Lemon Iced Tea,Brisk Lemon Iced Tea
Club Soda,Club Soda
Tea,Tea
Decafeine Orange Pekoe,Decafeine Orange Pekoe
Zero Sugar,Zero Sugar
Orange Bottle,Orange Bottle
Ground Coffee Intensely Dark,Ground Coffee Intensely Dark
The Orange Pekoe,The Orange Pekoe
Tray Variety Pack Soda,Tray Variety Pack Soda
Root Beer Soda,Root Beer Soda
Evaporated Milk,Evaporated Milk
Zero Soda,Zero Soda
Pespi Cans,Pespi Cans
Lemonade,Lemonade
Diet Coke Cans,Diet Coke Cans
Earl Grey The Speciaux,Earl Grey The Speciaux
Organic Mango Lemonade,Organic Mango Lemonade
Root Beer,Root Beer
Caffeine Free,Caffeine Free
Organic Apple Juice from Concentrate Unsweetened,Organic Apple Juice From Concentrate Unsweetened
2% Evaporated Partly Skimmed Milk,2% Evaporated Partly Skimmed Milk
Pure Ground Coffee Breakfast Blend,Pure Ground Coffee Breakfast Blend
Cola,Cola
Tomato Clam Cocktail Original Light,Tomato Clam Cocktail Original Light
Decaf Ground Coffee,Decaf Ground Coffee
Classic Roast Ground Coffee,Classic Roast Ground Coffee
Old Cheddar Cheese,Old Cheddar Cheese
Karela,Karela
Spring Mix,Spring Mix
Salad Kit Chopped Sesame Wonton,Salad Kit Chopped Sesame Wonton
Chopped Lemon Tahini Crunch Salad Kit,Chopped Lemon Tahini Crunch Salad Kit
Russet Potatoes,Russet Potatoes
Honeycrisp Apples,Honeycrisp Apples
Sweet Potato,Sweet Potato
Chopped Mexican Style Street Corn Salad Kit,Chopped Mexican Style Street Corn Salad Kit
Bacon Caesar Chop Salad Kit,Bacon Caesar Chop Salad Kit
Sweet Corn,Sweet Corn
Yellow Potato,Yellow Potato
Spinach,Spinach
English Cucumber,English Cucumber
Zucchini,Zucchini
Navel Oranges,Navel Oranges
Ginger,Ginger
Chipotle Ranch Chop Salad Kit,Chipotle Ranch Chop Salad Kit
Barbecue Ranch Chopped Salad Kit,Barbecue Ranch Chopped Salad Kit
Pink Lady Apples,Pink Lady Apples
Asparagus,Asparagus
Mixiany Cherry Tomatoes,Mixiany Cherry Tomatoes
Baby Spinach,Baby Spinach
Chopped Harvest Crunch Salad Kit,Chopped Harvest Crunch Salad Kit
Caesar Salad Chop Kit,Caesar Salad Chop Kit
Avocado Ranch Chopped Salad Kit,Avocado Ranch Chopped Salad Kit
Boneless Chicken Bites,Boneless Chicken Bites
Boneless Chicken Bites Buffalo,Boneless Chicken Bites Buffalo
Hot & Honey Pepperoni,Hot & Honey Pepperoni
All Beef Hot Dogs,All Beef Hot Dogs
Sausage Turkey Maple Flavour,Sausage Turkey Maple Flavour
Italian Sausage,Italian Sausage
Chicken Pepperoni Snacks,Chicken Pepperoni Snacks
Ultimate Chicken Breakfast Sausages Original,Ultimate Chicken Breakfast Sausages Original
Mild Sugar-Cured Bacon,Mild Sugar-cured Bacon
Bacon,Bacon
Top Blade,Top Blade
Ultimate Chicken Breakfast Sausages Maple Flavour,Ultimate Chicken Breakfast Sausages Maple Flavour
Italian Sausage Rosemary Garlic,Italian Sausage Rosemary Garlic
Lean Ground Halal Beef,Lean Ground Halal Beef
BBQ Chickens Bites,Bbq Chickens Bites
Smoked Sausage,Smoked Sausage
Ultimate Dinner Sausage Hot,Ultimate Dinner Sausage Hot
Ultimate Mild Chicken Dinner Sausage,Ultimate Mild Chicken Dinner Sausage
Burger C/Pack 20'S 5Lb,Burger C/pack 20's 5lb
Boneless Chuck Tender Steak,Boneless Chuck Tender Steak
Daystarters Sausage Turkey,Daystarters Sausage Turkey
Italian Sausage Mild Fennel,Italian Sausage Mild Fennel
Pepperoni Spicy,Pepperoni Spicy
Pepperoni Original,Pepperoni Original
Turkey Bites Smoked Turkey Sausage Original,Turkey Bites Smoked Turkey Sausage Original
Turkey Bites Smoked Turkey Sausage Honey Garlic,Turkey Bites Smoked Turkey Sausage Honey Garlic
Pork Tenderloin Pack of 2,Pork Tenderloin Pack Of 2
Juicy Jumbos All Beef Hot Dogs,Juicy Jumbos All Beef Hot Dogs
Dry Cured Bavarian Salami Sticks,Dry Cured Bavarian Salami Sticks
Juicy Jumbos Original Hot Dogs,Juicy Jumbos Original Hot Dogs
Turkey Bites Smoked Turkey Sausage Spicy,Turkey Bites Smoked Turkey Sausage Spicy
Tuscan Style Salami Sticks Dry Cured,Tuscan Style Salami Sticks Dry Cured
Herb & Spice Havarti Cheese Block,Herb & Spice Havarti Cheese Block
Crispy Minis Brown Rice Chips Sweet & Thin Cocoa Crunch,Crispy Minis Brown Rice Chips Sweet & Thin Cocoa Crunch
Salami Genoa,Salami Genoa
Tandoori Chicken Breast Cooked,Tandoori Chicken Breast Cooked
Silken Tofu,Silken Tofu
Firm Tofu,Firm Tofu
Gouda Cheese,Gouda Cheese
Extra Firm Tofu,Extra Firm Tofu
Feta Cheese Twin Pack,Feta Cheese Twin Pack
Crispy Minis Apple Cinnamon Rice Cakes,Crispy Minis Apple Cinnamon Rice Cakes
Bocconcini Mini Twin Pack,Bocconcini Mini Twin Pack
Pepperoni Semi-Dry Cured,Pepperoni Semi-dry Cured
Medium Firm Tofu,Medium Firm Tofu
Creamy Havarti Cheese,Creamy Havarti Cheese
Cajun Chicken Breast Cooked,Cajun Chicken Breast Cooked
Crispy Minis Tortilla Farmhouse Cheddar Flavour Brown Rice Chips,Crispy Minis Tortilla Farmhouse Cheddar Flavour Brown Rice Chips
Swiss Cheese,Swiss Cheese
Crispy Minis Brown Rice Chips Sweet & Thin Salted Caramel,Crispy Minis Brown Rice Chips Sweet & Thin Salted Caramel
Crispy Minis All Dressed Flavour Brown Rice Chips,Crispy Minis All Dressed Flavour Brown Rice Chips
Ricotta Traditional Twin Pack,Ricotta Traditional Twin Pack
Crispy Minis Magic Masala Rice Cakes,Crispy Minis Magic Masala Rice Cakes
Crispy Minis Tortilla Sour Cream & Chive Flavour Brown Rice Chips,Crispy Minis Tortilla Sour Cream & Chive Flavour Brown Rice Chips
Chicken Pot Pie,Chicken Pot Pie
Go Raw White Shrimp 51/70,Go Raw White Shrimp 51/70
Leg-style King Crab Flavoured Wild Alaska Pollock & Wild Pacific Whiting,Leg-style King Crab Flavoured Wild Alaska Pollock & Wild Pacific Whiting
Cod Fillets Wild Pacific,Cod Fillets Wild Pacific
King Crab Flavoured Wild Alaska Pollock & Wild Pacific Whiting,King Crab Flavoured Wild Alaska Pollock & Wild Pacific Whiting
Go Cooked White Shrimp 61/90,Go Cooked White Shrimp 61/90
Basa Fillets,Basa Fillets
Lobster Flavoured Wild Alaska Pollock Chunks,Lobster Flavoured Wild Alaska Pollock Chunks
Tilapia Fillets,Tilapia Fillets
Wild Haddock Fillets Skinless Boneless,Wild Haddock Fillets Skinless Boneless
King Crab Flavoured Wild Alaska Pollock Chunks,King Crab Flavoured Wild Alaska Pollock Chunks
Sole Fillets,Sole Fillets
Smoked Steelhead Salmon,Smoked Steelhead Salmon
Pink Salmon Fillets,Pink Salmon Fillets
Margarine Quarters Value Size,Margarine Quarters Value Size
Greek 2% Vanilla Bean Yogurt Crunch Cups with Dark Chocolate,Greek 2% Vanilla Bean Yogurt Crunch Cups With Dark Chocolate
Méditerranée Yogourt Mango 9 % M.F.,Méditerranée Yogourt Mango 9 % M.f.
Dairy 3.2% Natural Yogurt,Dairy 3.2% Natural Yogurt
Cheez Whiz Cheese Spread,Cheez Whiz Cheese Spread
Greek Yogourt Crunch Café Latte Flavour 2 % M.F.,Greek Yogourt Crunch Café Latte Flavour 2 % M.f.
Méditerranée 9% Yogurt,Méditerranée 9% Yogurt
Méditerranée Yogourt Key Lime Pie 9 % M.F.,Méditerranée Yogourt Key Lime Pie 9 % M.f.
Soy Barista,Soy Barista
Margarine Club Pack,Margarine Club Pack
Source Yogurt Strawberry 0% M.F.,Source Yogurt Strawberry 0% M.f.
Dairy 2% Natural Yogurt,Dairy 2% Natural Yogurt
Oat Zero Sugar Beverage Original,Oat Zero Sugar Beverage Original
Source Protein Yogurt Vanilla 0% M.F.,Source Protein Yogurt Vanilla 0% M.f.
SuperDrink Orange Mango Bottle,Superdrink Orange Mango Bottle
Gourmet Swiss Water Process Decaffeinated Medium Roast Fine Grind Coffee,Gourmet Swiss Water Process Decaffeinated Medium Roast Fine Grind Coffee
Zero Glacier Freeze,Zero Glacier Freeze
Fruit Punch Liquid Water Enhancer,Fruit Punch Liquid Water Enhancer
Jammers,Jammers
Fruit Punch Sports Drink,Fruit Punch Sports Drink
Singles,Singles
SuperDrink Strawberry Banana Bottle,Superdrink Strawberry Banana Bottle
Smooth,Smooth
Nesquik Chocolate Powder,Nesquik Chocolate Powder
Peach Mango Liquid Water Enhancer,Peach Mango Liquid Water Enhancer
The Great Canadian Light to Medium Roast Single Serve Coffee Pods,The Great Canadian Light To Medium Roast Single Serve Coffee Pods
Costa Rica Single Origin Medium Roast Single Serve Coffee Pods,Costa Rica Single Origin Medium Roast Single Serve Coffee Pods
Peach Cocktail,Peach Cocktail
Pure Apple Juice Low Acid,Pure Apple Juice Low Acid
Gourmet Medium Roast Fine Grind Coffee,Gourmet Medium Roast Fine Grind Coffee
100% Juice Morning Sunshine Orange With Pulp,100% Juice Morning Sunshine Orange With Pulp
Cranberry Cocktail,Cranberry Cocktail
Gourmet Swiss Water Process Decaffeinated Medium Roast Single Serve Coffee Pods,Gourmet Swiss Water Process Decaffeinated Medium Roast Single Serve Coffee Pods
Energy Acai Berry Energy Drink Mix,Energy Acai Berry Energy Drink Mix
Lyte Blueberry Pomegranate,Lyte Blueberry Pomegranate
Sparkling Water Apple,Sparkling Water Apple
Lemonade Liquid Water Enhancer,Lemonade Liquid Water Enhancer
Gourmet West Coast Dark Roast Single Serve Coffee Pods,Gourmet West Coast Dark Roast Single Serve Coffee Pods
Pink Lemonade Liquid Water Enhancer,Pink Lemonade Liquid Water Enhancer
Cool Blue Sports Drink,Cool Blue Sports Drink
Tangy,Tangy
Colombian Supremo Single Origin Medium Roast Single Serve Coffee Pods,Colombian Supremo Single Origin Medium Roast Single Serve Coffee Pods
SuperDrink Fruit Punch Bottle,Superdrink Fruit Punch Bottle
Gourmet Medium Roast Regular Grind Coffee,Gourmet Medium Roast Regular Grind Coffee
Watermelon Strawberry Liquid Water Enhancer,Watermelon Strawberry Liquid Water Enhancer
Orange Sports Drink,Orange Sports Drink
Lemon Lime Sports Drink (Case),Lemon Lime Sports Drink (case)
The Great Canadian Light to Medium Roast Fine Grind Coffee,The Great Canadian Light To Medium Roast Fine Grind Coffee
Gourmet Medium Roast Extra Fine Grind Coffee,Gourmet Medium Roast Extra Fine Grind Coffee
Gourmet Medium Roast Single Serve Coffee Pods,Gourmet Medium Roast Single Serve Coffee Pods
100% Juice Morning Sunshine,100% Juice Morning Sunshine
Fruit Punch Cocktail,Fruit Punch Cocktail
Infusions In-Wash Laundry Scent Booster Beads,Infusions In-wash Laundry Scent Booster Beads
Unstopables In-Wash Laundry Scent Booster Beads,Unstopables In-wash Laundry Scent Booster Beads
Original 2 Ply Facial Tissue,Original 2 Ply Facial Tissue
Ultra Dishwashing Liquid Dish Soap,Ultra Dishwashing Liquid Dish Soap
Black Garbage Bags - Extra-Large 135 Litres,Black Garbage Bags - Extra-large 135 Litres
Aluminum Foil 50 feet,Aluminum Foil 50 Feet
Black Garbage Bags - Regular 74 Litres,Black Garbage Bags - Regular 74 Litres
Velour 3 Ply Facial Tissue,Velour 3 Ply Facial Tissue
Laundry Liquid Fabric Softener,Laundry Liquid Fabric Softener
Fireworks In-Wash Scent Booster Beads,Fireworks In-wash Scent Booster Beads
Light Laundry Scent Booster Beads for Washer,Light Laundry Scent Booster Beads For Washer
Ultra Laundry Liquid Fabric Softener (Fabric Conditioner),Ultra Laundry Liquid Fabric Softener (fabric Conditioner)
Essential Clean Liquid Dish Soap,Essential Clean Liquid Dish Soap
Passion Lavender & Lime,Passion Lavender & Lime
ClingWrap Plastic Wrap,Clingwrap Plastic Wrap
Kitchens Parchment Paper,Kitchens Parchment Paper
Clear Garbage Bags - Large 90 Litres,Clear Garbage Bags - Large 90 Litres
Black Garbage Bags - Large 90 Litres - ForceFlex,Black Garbage Bags - Large 90 Litres - Forceflex
Blue Recycling Bags,Blue Recycling Bags
Ultra Liquid Dish Soap,Ultra Liquid Dish Soap
Black Garbage Bags - Large 90 Litres,Black Garbage Bags - Large 90 Litres
Berry Pomegranate Liquid Water Enhancer,Berry Pomegranate Liquid Water Enhancer
Forelle Pears,Forelle Pears
Black Plums,Black Plums
Taiwanese Flat Cabbage,Taiwanese Flat Cabbage
Mandarin,Mandarin
Mango,Mango
Fennel,Fennel
Variety Pack Tomatoes,Variety Pack Tomatoes
Strawberries 1LB,Strawberries 1lb
Texas BBQ Chicken Wings,Texas Bbq Chicken Wings
Buttery Buffalo Chicken Wings,Buttery Buffalo Chicken Wings
Honey Garlic Wings,Honey Garlic Wings
Extra Lean Ground Beef,Extra Lean Ground Beef
Natural Selections Sliced Baked Honey Deli Ham,Natural Selections Sliced Baked Honey Deli Ham
Sliced Gouda Cheese,Sliced Gouda Cheese
Pretzel Crisps Bold & Spicy Buffalo Wing,Pretzel Crisps Bold & Spicy Buffalo Wing
Olive Medley,Olive Medley
Sliced Monterey Jack with Jalapeno Cheese,Sliced Monterey Jack With Jalapeno Cheese
Genoa Salami,Genoa Salami
Natural Selections Sliced Deli Turkey Breast,Natural Selections Sliced Deli Turkey Breast
Genoa Hot Salami,Genoa Hot Salami
Sliced Old White Cheddar Cheese,Sliced Old White Cheddar Cheese
Calabrese Salami,Calabrese Salami
Natural Selections Sliced Deli Chicken Breast,Natural Selections Sliced Deli Chicken Breast
Ricotta,Ricotta
Dry Chorizo Sausage,Dry Chorizo Sausage
Sliced Light Swiss Cheese,Sliced Light Swiss Cheese
Mozzarella,Mozzarella
Extra Lean Kolbassa Ham,Extra Lean Kolbassa Ham
Natural Selections Shaved Roast Beef Deli Meat,Natural Selections Shaved Roast Beef Deli Meat
Herb & Spice Havarti,Herb & Spice Havarti
Smoked Black Forest Ham,Smoked Black Forest Ham
Stuffed Mammoth Olives,Stuffed Mammoth Olives
Provolone Sliced Cheese,Provolone Sliced Cheese
Tortellini Prosciutto & Cheese,Tortellini Prosciutto & Cheese
Skillet Gnocchi,Skillet Gnocchi
TruTaste 1% Milk,Trutaste 1% Milk
French Vanilla Milkshake,French Vanilla Milkshake
Yogurt With Probiotics,Yogurt With Probiotics
Probiotics Yogurt Fiber Plain,Probiotics Yogurt Fiber Plain
Trutaste Lactose Free 2% Milk,Trutaste Lactose Free 2% Milk
Two Good,Two Good
Medium cheddar natural cheese sticks,Medium Cheddar Natural Cheese Sticks
Mozzarella cheddar Shredded Cheese,Mozzarella Cheddar Shredded Cheese
TruTaste Skim Milk,Trutaste Skim Milk
Lactose-Free Marble Cheese Sticks,Lactose-free Marble Cheese Sticks
Flavoured Milk,Flavoured Milk
Two Good Vanilla Greek Yogurt,Two Good Vanilla Greek Yogurt
Cheestrings Marble Cheese,Cheestrings Marble Cheese
Trutaste Partially Skimmed Milk 2 percent MF,Trutaste Partially Skimmed Milk 2 Percent Mf
Fruit Punch Juice Beverage,Fruit Punch Juice Beverage
Gourmet West Coast Dark Roast™ Whole Bean Coffee,Gourmet West Coast Dark Roast™ Whole Bean Coffee
PC® Espresso Whole Bean Coffee,Pc® Espresso Whole Bean Coffee
Carbonated Natural Mineral Water,Carbonated Natural Mineral Water
Earl Grey Specialty Tea,Earl Grey Specialty Tea
Super Herbal Tea Sunshine Lemon & Orange With Vitamin D,Super Herbal Tea Sunshine Lemon & Orange With Vitamin D
Super Herbal Tea-Boost Peach Ginger Dan with Vitamin B6,Super Herbal Tea-boost Peach Ginger Dan With Vitamin B6
Super Green Tea Antiox Tropical With Vitamin C,Super Green Tea Antiox Tropical With Vitamin C
Super Herbal Tea Immune+ Peppermint & Ginger With Zinc And Vitamin D,Super Herbal Tea Immune+ Peppermint & Ginger With Zinc And Vitamin D
Passionate Peach Juice,Passionate Peach Juice
Mixed Berry Juice Beverage,Mixed Berry Juice Beverage
Peach Tea,Peach Tea
Peppermint Herbal Cannister Pack,Peppermint Herbal Cannister Pack
Herbal Tea Peppermint Spearmint Caffeine Free,Herbal Tea Peppermint Spearmint Caffeine Free
Grape Punch Juice Beverage,Grape Punch Juice Beverage
Green Tea Naturally Decaffeinated,Green Tea Naturally Decaffeinated
Super Tea Boost Berry Burst With Vitamin B6,Super Tea Boost Berry Burst With Vitamin B6
Herbal Tea Iced Passion,Herbal Tea Iced Passion
Antiox Apple Cinnamon & Turmeric With Vitamin C,Antiox Apple Cinnamon & Turmeric With Vitamin C
Breakfast Blend,Breakfast Blend
Super Green Matcha,Super Green Matcha
PC® Espresso Forte Whole Bean Coffee,Pc® Espresso Forte Whole Bean Coffee
Regular Coffee,Regular Coffee
Chai Latte Tea Concentrate,Chai Latte Tea Concentrate
Rooibos Vanilla Specialty Tea,Rooibos Vanilla Specialty Tea
Coconut Milk,Coconut Milk
Herbal Tea Live Bold Cinnamon Chai Rooibos,Herbal Tea Live Bold Cinnamon Chai Rooibos
Turmeric Echinacea Herbal Tea,Turmeric Echinacea Herbal Tea
Doughnuts Value Pack Light Roast Coffee 30 K-Cup Pods,Doughnuts Value Pack Light Roast Coffee 30 K-cup Pods
Liquid Laundry Detergent Pods,Liquid Laundry Detergent Pods
Strong Easy Flaps Garbage Bags Regular 75 L,Strong Easy Flaps Garbage Bags Regular 75 L
Velour Toilet Paper,Velour Toilet Paper
Ultra Oxi Liquid Laundry Detergent Pods,Ultra Oxi Liquid Laundry Detergent Pods
Powerball Quantum Ultramax Automatic Dishwasher Detergent,Powerball Quantum Ultramax Automatic Dishwasher Detergent
Dishwasher Detergent Pods,Dishwasher Detergent Pods
Strong Easy Flaps Kitchen Bags Large 34 L,Strong Easy Flaps Kitchen Bags Large 34 L
Multi-Surface Cleaner,Multi-surface Cleaner
Laundry Detergent Liquid Soap,Laundry Detergent Liquid Soap
Dryer Sheets,Dryer Sheets
Ultra Strong Drawstring Garbage Bags Large 77 L,Ultra Strong Drawstring Garbage Bags Large 77 L
Powder Cleaner,Powder Cleaner
Strong Easy Flaps Garbage Bags Large 77 L,Strong Easy Flaps Garbage Bags Large 77 L
Free & Gentle,Free & Gentle
Ultra Strong White Bags With Drawstring Tall 50 L,Ultra Strong White Bags With Drawstring Tall 50 L
Feta,Feta
Kolbassa Sausage,Kolbassa Sausage
Guacamole Classic,Guacamole Classic
Hummus Roasted Garlic,Hummus Roasted Garlic
Sliced Swiss Cheese,Sliced Swiss Cheese
Creamy Havarti Cheese Slices,Creamy Havarti Cheese Slices
Rainbow Tortellini,Rainbow Tortellini
Tex Mex Shredded Cheese,Tex Mex Shredded Cheese
Yogurt With Probiotics Lemon Flavour,Yogurt With Probiotics Lemon Flavour
Probiotics Yogurt Source of Fibre,Probiotics Yogurt Source Of Fibre
Trutaste Lactose Free Skim Milk,Trutaste Lactose Free Skim Milk
Herbal Tea Live Calm Camomile Spearmint Orange,Herbal Tea Live Calm Camomile Spearmint Orange
100% Pure Coconut Water,100% Pure Coconut Water
Planet First Fragrance Free All Purpose Cleaner,Planet First Fragrance Free All Purpose Cleaner
Planet First Orange Blossom All Purpose Cleaner,Planet First Orange Blossom All Purpose Cleaner
Extra Large Red Seedless Grapes,Extra Large Red Seedless Grapes
Romaine Hearts,Romaine Hearts
Green Beans,Green Beans
Cucumbers 11 count,Cucumbers 11 Count
Opo Squash,Opo Squash
Organics Baby Spinach,Organics Baby Spinach
Tomato Beefsteak Red,Tomato Beefsteak Red
Cantaloupe,Cantaloupe
Mini Carrots,Mini Carrots
Field Greens Salad Mix,Field Greens Salad Mix
Ground Mild Italian Sausage,Ground Mild Italian Sausage
Smokin Stampede Pork Back Ribs Frozen,Smokin Stampede Pork Back Ribs Frozen
Chicken Breast Boneless & Skinless,Chicken Breast Boneless & Skinless
Ground Hot Italian Sausage,Ground Hot Italian Sausage
Lean Ground Beef & Pork,Lean Ground Beef & Pork
Beef Burger 4 Oz,Beef Burger 4 Oz
Wheat Thins Original Crackers,Wheat Thins Original Crackers
Mini Cheese Crackers,Mini Cheese Crackers
Ritz Cheese Nibs Crackers,Ritz Cheese Nibs Crackers
Ritz Real Cheddar Cheese Crackers,Ritz Real Cheddar Cheese Crackers
Ritz Swiss Cheese Crackers,Ritz Swiss Cheese Crackers
Vegetable Thins 40% Less Fat Snacking Crackers,Vegetable Thins 40% Less Fat Snacking Crackers
Toppables Crackers,Toppables Crackers
Thin Crisps Jalapeno Crackers,Thin Crisps Jalapeno Crackers
Ritz Original Crackers,Ritz Original Crackers
Cheese Nibs Cheddar/Jalapeno Crackers,Cheese Nibs Cheddar/jalapeno Crackers
37% Less Fat Crackers,37% Less Fat Crackers
Cheese Nibs Sweet Chili & Sour Cream Crackers,Cheese Nibs Sweet Chili & Sour Cream Crackers
Ritz Lows Sodium Crackers,Ritz Lows Sodium Crackers
Wheat Thins Multigrain Crackers,Wheat Thins Multigrain Crackers
Vegetable Thins Original Crackers,Vegetable Thins Original Crackers
Caramel Macchiato Cold Foam,Caramel Macchiato Cold Foam
Coffee Creamer,Coffee Creamer
Havarti Cheese,Havarti Cheese
Southern Butter Pecan Coffee Creamer,Southern Butter Pecan Coffee Creamer
Reduced Sugar French Vanilla Coffee Creamer,Reduced Sugar French Vanilla Coffee Creamer
Maple Latte Flavoured Coffee Creamer,Maple Latte Flavoured Coffee Creamer
Hazelnut Flavoured Coffee Creamer,Hazelnut Flavoured Coffee Creamer
Unsalted Butter,Unsalted Butter
Monterey Jack Cheese,Monterey Jack Cheese
Smoke Flavoured Cheddar Cheese,Smoke Flavoured Cheddar Cheese
Lactose Free Old Yellow Cheddar Cheese,Lactose Free Old Yellow Cheddar Cheese
Caramel Waffle Cookie Coffee Enhancer,Caramel Waffle Cookie Coffee Enhancer
Cheddar Cheese with Habanero,Cheddar Cheese With Habanero
Lactose Free Marble Cheddar,Lactose Free Marble Cheddar
Caramel Macchiato Coffee Creamer,Caramel Macchiato Coffee Creamer
French Vanilla Flavoured Coffee Creamer,French Vanilla Flavoured Coffee Creamer
Extra Old White Cheddar,Extra Old White Cheddar
Salted Butter,Salted Butter
Naturally Lactose-Free Swiss Cheese,Naturally Lactose-free Swiss Cheese
Hydrafruit Peach Juice Boxes,Hydrafruit Peach Juice Boxes
Hydrafruit Watermelon Apple Fruit Juice Boxes,Hydrafruit Watermelon Apple Fruit Juice Boxes
Premium Brewed Ginseng and Honey Green Tea,Premium Brewed Ginseng And Honey Green Tea
Gut Healthy Soda Orange,Gut Healthy Soda Orange
Peach Clementine Juice,Peach Clementine Juice
100% Natural Iced Tea with Lemon,100% Natural Iced Tea With Lemon
Premium Medium Dark Roast,Premium Medium Dark Roast
Espresso Instant Coffee,Espresso Instant Coffee
Cranberry Diet Beverage,Cranberry Diet Beverage
Nutri Bone Support 100% Orange Juice,Nutri Bone Support 100% Orange Juice
Cranberry Raspberry Cocktail,Cranberry Raspberry Cocktail
Exotic Mango Fruit Juice,Exotic Mango Fruit Juice
Strawberry Banana Juice Boxes,Strawberry Banana Juice Boxes
35% Less Sugar Apple Juice Beverage,35% Less Sugar Apple Juice Beverage
Gut Healthy Soda Lemon Lime,Gut Healthy Soda Lemon Lime
Berry Juice,Berry Juice
Hydrafruit Strawberry Kiwi Fruit Juice Boxes,Hydrafruit Strawberry Kiwi Fruit Juice Boxes
Low Acid 100% Orange Juice Nutri Pulp Free,Low Acid 100% Orange Juice Nutri Pulp Free
SuperDrink Strawberry Grape Bottle,Superdrink Strawberry Grape Bottle
Hydrafruit Clementine Fruit Juice Boxes,Hydrafruit Clementine Fruit Juice Boxes
Gourmet West Coast Dark Roast Fine Grind Coffee,Gourmet West Coast Dark Roast Fine Grind Coffee
Dark Roast Instant & Microground Coffee,Dark Roast Instant & Microground Coffee
Apple Juice,Apple Juice
Diet Caffeine Free,Diet Caffeine Free
Tropical Passion Fruit Juice,Tropical Passion Fruit Juice
Light Roast Instant Coffee,Light Roast Instant Coffee
Medium Roast Instant and Microground Coffee,Medium Roast Instant And Microground Coffee
Raspberries,Raspberries
Seedless Green Grapes,Seedless Green Grapes
Red Seedless Grapes,Red Seedless Grapes
Blackberries,Blackberries
Avocado,Avocado
Spring Salad Mix,Spring Salad Mix
Hothouse Red Tomato,Hothouse Red Tomato
Local Mini Cucumbers,Local Mini Cucumbers
Cauliflower,Cauliflower
Grape Tomatoes,Grape Tomatoes
Local Nantes Carrots,Local Nantes Carrots
Arugula,Arugula
Blueberries,Blueberries
Red Potatoes,Red Potatoes
Washed White Potatoes,Washed White Potatoes
Strawberries,Strawberries
"Bag Of Apples, Red Prince","Bag Of Apples, Red Prince"
Sugar Snap Peas,Sugar Snap Peas
Bosc Pear,Bosc Pear
San Marino Salad Mix,San Marino Salad Mix
Bag Of Limes,Bag Of Limes
Kiwi Basket,Kiwi Basket
Wrapped Broccoli Crown,Wrapped Broccoli Crown
Spring Mix And Spinach Half & Half Salad Mix,Spring Mix And Spinach Half & Half Salad Mix
Bag Of Lemons,Bag Of Lemons
"Bag Of Apples, McIntosh","Bag Of Apples, Mcintosh"
Hothouse Grape Tomatoes,Hothouse Grape Tomatoes
Bag Of Clementines,Bag Of Clementines
Angelino Plums,Angelino Plums
Canary Melon,Canary Melon
Bakset Of Red Plums,Bakset Of Red Plums
Seedless Navel Orange,Seedless Navel Orange
Nantes Carrots,Nantes Carrots
"Local Greenhouse Grape Tomatoes, Royale","Local Greenhouse Grape Tomatoes, Royale"
Bag Of Halos Clementines,Bag Of Halos Clementines
Bicolor Corn,Bicolor Corn
Packed Sweet Corn,Packed Sweet Corn
"Bag Of Avocados, Hass","Bag Of Avocados, Hass"
Greenhouse Strawberries,Greenhouse Strawberries
Grey Squash Zucchini,Grey Squash Zucchini
Yellow Flesh Russet Potatoes,Yellow Flesh Russet Potatoes
Packed Local Sweet Corn,Packed Local Sweet Corn
Bag Of Honey Crisp Apples,Bag Of Honey Crisp Apples
Flat Cabbage,Flat Cabbage
"Broccoli And Cauliflower Medley, Fresh","Broccoli And Cauliflower Medley, Fresh"
"Vegetables Medley , Fresh","Vegetables Medley , Fresh"
Yellow Vidalia Onions,Yellow Vidalia Onions
Assorted Sweet Peppers,Assorted Sweet Peppers
Jalapeno Hot Peppers,Jalapeno Hot Peppers
Mixed Salad,Mixed Salad
Sweet Onions,Sweet Onions
Yellow Flesh Potatoes,Yellow Flesh Potatoes
"Bag Of Red Delicious Apples, Délicieuses","Bag Of Red Delicious Apples, Délicieuses"
Bag Of Avocados,Bag Of Avocados
Seedless Watermelon,Seedless Watermelon
Honey Mango,Honey Mango
"Bag Of Apples, Ambrosia","Bag Of Apples, Ambrosia"
Idaho Potatoes,Idaho Potatoes
"Bag Of Apples, Royal Gala","Bag Of Apples, Royal Gala"
Local Grape Tomatoes,Local Grape Tomatoes
Jumbo Cantaloupe,Jumbo Cantaloupe
Original Breakfast Sausages,Original Breakfast Sausages
Peameal Chub,Peameal Chub
Mild Italian Sausages,Mild Italian Sausages
Hot Italian Sausages,Hot Italian Sausages
Maple Flavoured Breakfast Sausages,Maple Flavoured Breakfast Sausages
Sirloin Tip Steaks,Sirloin Tip Steaks
Original Recipe Bratwurst Sausages,Original Recipe Bratwurst Sausages
"Chicken Breast Souvlaki, Value Pack","Chicken Breast Souvlaki, Value Pack"
Smoked All Beef Weiners,Smoked All Beef Weiners
Garlic And Fine Herbs Flavoured Boneless Pork Loin F...,Garlic And Fine Herbs Flavoured Boneless Pork Loin F...
"Hot 'N Spicy Wieners, Juicy Jumbos","Hot 'n Spicy Wieners, Juicy Jumbos"
Old-Fashioned Bacon,Old-fashioned Bacon
Honey And Mustard Flavoured Boneless Pork Loin Fille...,Honey And Mustard Flavoured Boneless Pork Loin Fille...
Smoked Cheddar Sausages,Smoked Cheddar Sausages
Smoked And Fully Cooked Cheddar Cheese Sausages,Smoked And Fully Cooked Cheddar Cheese Sausages
Hardwood Smoked Classic Recipe Sausages,Hardwood Smoked Classic Recipe Sausages
Smoked And Cooked Bratwurst Sausages,Smoked And Cooked Bratwurst Sausages
Pork Sirloin Kabobs Souvlaki,Pork Sirloin Kabobs Souvlaki
"Smoked Sausages, Oktoberfest","Smoked Sausages, Oktoberfest"
Wiener Sausage,Wiener Sausage
Pork Cottage Roll,Pork Cottage Roll
Smoked And Fully Cooked Original Recipe Sausages,Smoked And Fully Cooked Original Recipe Sausages
"Smoked All Beef Wieners, Juicy Jumbos","Smoked All Beef Wieners, Juicy Jumbos"
"Original Smoked Wieners, Juicy Jumbos","Original Smoked Wieners, Juicy Jumbos"
Honey Barbecue Beef Short Ribs,Honey Barbecue Beef Short Ribs
Pork Belly Pieces,Pork Belly Pieces
3 Pork Rib And 6 Center Cut,3 Pork Rib And 6 Center Cut
"Breaded Frozen Chicken Filets, Ultimates","Breaded Frozen Chicken Filets, Ultimates"
Boneless Skinless Chicken Thighs,Boneless Skinless Chicken Thighs
Carnita Pork'N Pull,Carnita Pork'n Pull
Honey Garlic And Thai Chili Sauce Breaded Mini Chick...,Honey Garlic And Thai Chili Sauce Breaded Mini Chick...
Chicken Wings,Chicken Wings
Pork Belly,Pork Belly
Bacon Wrapped Top Sirloin Beef,Bacon Wrapped Top Sirloin Beef
Seasoned Extra Lean Ground Turkey,Seasoned Extra Lean Ground Turkey
Extra Lean Ground Chicken,Extra Lean Ground Chicken
Sliced Beef Short Ribs,Sliced Beef Short Ribs
"Whole Chicken Raised Without Antibiotics, Prime","Whole Chicken Raised Without Antibiotics, Prime"
Buffalo Style Smoked Sausages With Cheese,Buffalo Style Smoked Sausages With Cheese
Korean Barbecue Pork Belly,Korean Barbecue Pork Belly
Three Cheese And Jalapeño Spicy Wiener,Three Cheese And Jalapeño Spicy Wiener
Frozen Smoky Bacon Flavoured Wings With Budweiser Be...,Frozen Smoky Bacon Flavoured Wings With Budweiser Be...
Footlong Weiners,Footlong Weiners
Honey Garlic Flavoured Chicken Wings,Honey Garlic Flavoured Chicken Wings
Frozen Buttery Buffalo Chicken Wings,Frozen Buttery Buffalo Chicken Wings
Texas BBQ Flavoured Chicken Wings,Texas Bbq Flavoured Chicken Wings
"Lean Ground Beef, Value Pack","Lean Ground Beef, Value Pack"
"Sirloin Tip Steak, Value Pack","Sirloin Tip Steak, Value Pack"
"Boneless Chicken Thighs, Value Pack","Boneless Chicken Thighs, Value Pack"
Boneless Pork Shoulder Blade Roast,Boneless Pork Shoulder Blade Roast
Smoked Turkey Sausage,Smoked Turkey Sausage
"Pork Shoulder Blade Steak, Value Pack","Pork Shoulder Blade Steak, Value Pack"
Hummus,Hummus
Tzatziki Dip,Tzatziki Dip
Roasted Garlic Hummus,Roasted Garlic Hummus
Artichoke And Asiago Dip,Artichoke And Asiago Dip
Baba Ghannoush Dip,Baba Ghannoush Dip
Spinach Dip,Spinach Dip
Roasted Red Pepper Hummus,Roasted Red Pepper Hummus
Roasted Red Pepper Dip,Roasted Red Pepper Dip
Sliced Pepperoni For Pizza,Sliced Pepperoni For Pizza
Charcuterie Trio,Charcuterie Trio
Bruschetta,Bruschetta
Roast Beef Au Jus,Roast Beef Au Jus
Shaved Beef Au Jus,Shaved Beef Au Jus
"Sliced Prosciutto, Capocollo, And Mortadella Trio","Sliced Prosciutto, Capocollo, And Mortadella Trio"
Bbq Sauce Flavoured Pulled Pork,Bbq Sauce Flavoured Pulled Pork
Philly-Style Shaved Steak,Philly-style Shaved Steak
Caramelized Onion Flavoured Hummus,Caramelized Onion Flavoured Hummus
Polish Sausage,Polish Sausage
"Gravy Flavoured Turkey Roast, Quick-N-Easy","Gravy Flavoured Turkey Roast, Quick-n-easy"
Salametti Salami,Salametti Salami
Smoked Original Pepperoni,Smoked Original Pepperoni
Sopressata Salami,Sopressata Salami
Shredded Natural Chicken,Shredded Natural Chicken
Shredded Natural Chicken With BBQ Seasoning,Shredded Natural Chicken With Bbq Seasoning
Spicy Pepperoni,Spicy Pepperoni
Dill Pickle Hummus,Dill Pickle Hummus
Teriyaki Sesame Chicken,Teriyaki Sesame Chicken
Tortellini 4 Cheese With Grana Padano Pasta,Tortellini 4 Cheese With Grana Padano Pasta
Italian Sausage With Parmigiano Reggiano Tortelloni,Italian Sausage With Parmigiano Reggiano Tortelloni
3 Tortellini Pasta Colours With 4 Cheese And Grana P...,3 Tortellini Pasta Colours With 4 Cheese And Grana P...
Texas Style Sliced Beef Brisket,Texas Style Sliced Beef Brisket
Braised Beef Tortelloni,Braised Beef Tortelloni
Prosciutto And Parmigiano Reggiano Tortelloni,Prosciutto And Parmigiano Reggiano Tortelloni
"Honey And Garlic Flavoured Smoked Turkey Sausages, T...","Honey And Garlic Flavoured Smoked Turkey Sausages, T..."
Pork Back Ribs In Lou'S Barbeque Sauce,Pork Back Ribs In Lou's Barbeque Sauce
Cheese And Spinach Ravioli With Grana Padano,Cheese And Spinach Ravioli With Grana Padano
Gluten Free Tuscan Style Salami Sticks,Gluten Free Tuscan Style Salami Sticks
Cheddar And Jalapeno Flavoured Sausage,Cheddar And Jalapeno Flavoured Sausage
Loaded Spinach Dip,Loaded Spinach Dip
German Salami,German Salami
Everything Bagel Hummus,Everything Bagel Hummus
"Pepperoni, Cup And Char","Pepperoni, Cup And Char"
"Genoa Salami, Prosciutto, And Sopressata Trio","Genoa Salami, Prosciutto, And Sopressata Trio"
Spicy Dill Pickle Flavoured Dip,Spicy Dill Pickle Flavoured Dip
Bavarian Salami Sticks,Bavarian Salami Sticks
Prosciutto Salami Chorizo Trio,Prosciutto Salami Chorizo Trio
Hot Calabrese Salami,Hot Calabrese Salami
Spicy Pepperoni Sticks,Spicy Pepperoni Sticks
Frozen Cooked Pacific White Shrimp,Frozen Cooked Pacific White Shrimp
Frozen Shell-On Deveined Raw Pacific White Shrimp,Frozen Shell-on Deveined Raw Pacific White Shrimp
Frozen Atlantic Smoked Salmon Slices,Frozen Atlantic Smoked Salmon Slices
Frozen Basa Fillet,Frozen Basa Fillet
"Selected Varieties Fresh Atlantic Salmon Fillets, Va...","Selected Varieties Fresh Atlantic Salmon Fillets, Va..."
"2% Milk, PurFiltre","2% Milk, Purfiltre"
"1% Milk, PurFiltre","1% Milk, Purfiltre"
1.5% Berry Flavoured Yogurt Variety Pack,1.5% Berry Flavoured Yogurt Variety Pack
2% Lactose Free Milk,2% Lactose Free Milk
"1% Strawberry Flavoured Drinkable Yogurt, Nanö","1% Strawberry Flavoured Drinkable Yogurt, Nanö"
0% Berry Flavoured Yogurt Variety Pack,0% Berry Flavoured Yogurt Variety Pack
1% Lactose Free Milk,1% Lactose Free Milk
"4% Balkan Style Fruit Yogurt Variety Pack, Original","4% Balkan Style Fruit Yogurt Variety Pack, Original"
1.5% Tropical Fruit Flavoured Yogurt Variety Pack,1.5% Tropical Fruit Flavoured Yogurt Variety Pack
"0% Strawberry, Peach, Vanilla And Raspberry Flavoure...","0% Strawberry, Peach, Vanilla And Raspberry Flavoure..."
"1% Raspberry Flavoured Drinkable Yogurt, Nanö","1% Raspberry Flavoured Drinkable Yogurt, Nanö"
"1% Banana Flavoured Drinkable Yogurt, Nanö","1% Banana Flavoured Drinkable Yogurt, Nanö"
Assorted Flavour 4% Balkan Style Yogurt Variety Pack...,Assorted Flavour 4% Balkan Style Yogurt Variety Pack...
"1% Vanilla Flavoured Drinkable Yogurt, Nanö","1% Vanilla Flavoured Drinkable Yogurt, Nanö"
"Skim Milk, PurFiltre","Skim Milk, Purfiltre"
"3.25% Lactose Free Milk, PurFiltre","3.25% Lactose Free Milk, Purfiltre"
"3.25% Vanilla, Blueberry, Strawberry And Peach Flavo...","3.25% Vanilla, Blueberry, Strawberry And Peach Flavo..."
Feta Cheese,Feta Cheese
0% Lactose Free Skim Milk,0% Lactose Free Skim Milk
Margarine,Margarine
"Old Cheddar Cheese With Cashews And Cranberries, Combo","Old Cheddar Cheese With Cashews And Cranberries, Combo"
"1% Chocolate Milk, UltraPur","1% Chocolate Milk, Ultrapur"
"Marble Cheddar Cheese With Almonds And Cranberries, ...","Marble Cheddar Cheese With Almonds And Cranberries, ..."
"1.5% Cherry, Blueberry, Lemon, And Vanilla Yogurt Va...","1.5% Cherry, Blueberry, Lemon, And Vanilla Yogurt Va..."
1% Strawberry And Banana Flavoured Lactose-Free Drin...,1% Strawberry And Banana Flavoured Lactose-free Drin...
Queso Dip,Queso Dip
0% Vanilla Flavoured Yogurt,0% Vanilla Flavoured Yogurt
3.6% Creamy Plain Yogurt,3.6% Creamy Plain Yogurt
"2% Milk, UltraPur","2% Milk, Ultrapur"
"0% Skim Milk, UltraPur","0% Skim Milk, Ultrapur"
0% Plain Skyr Yogurt,0% Plain Skyr Yogurt
1.5% Creamy Duo Yogurt,1.5% Creamy Duo Yogurt
"3.25% Homogenized Milk, UltraPur","3.25% Homogenized Milk, Ultrapur"
Monterey Jack Cheese Slices,Monterey Jack Cheese Slices
Lactose Free Mozzarella Sliced Cheese,Lactose Free Mozzarella Sliced Cheese
Old Cheddar Cheese Slices,Old Cheddar Cheese Slices
Lactose Free Marble Cheddar Sliced Cheese,Lactose Free Marble Cheddar Sliced Cheese
2% Strawberry Skyr Yogurt,2% Strawberry Skyr Yogurt
Italian Cheese,Italian Cheese
Light Feta Cheese,Light Feta Cheese
6% Vanilla And Strawberry Flavoured Balkan Style Yog...,6% Vanilla And Strawberry Flavoured Balkan Style Yog...
Lemon Flavoured Iced Tea,Lemon Flavoured Iced Tea
Raspberry Flavoured Iced Tea,Raspberry Flavoured Iced Tea
Orange Juice With Some Pulp,Orange Juice With Some Pulp
Orange Juice Without Pulp,Orange Juice Without Pulp
Watermelon Fruit Beverage,Watermelon Fruit Beverage
Red Grapefruit Juice,Red Grapefruit Juice
Strawberry And Peach Fruit Beverage,Strawberry And Peach Fruit Beverage
Pineapple And Mango Fruit Beverage With Lime,Pineapple And Mango Fruit Beverage With Lime
Orange Juice With Lots Of Pulp,Orange Juice With Lots Of Pulp
"2 Ply Bathroom Tissue, UltraSoft","2 Ply Bathroom Tissue, Ultrasoft"
Spring Waterfall Scented Disinfecting Wipes,Spring Waterfall Scented Disinfecting Wipes
2-Ply Paper Towels,2-ply Paper Towels
Citrus Disinfecting Wipes,Citrus Disinfecting Wipes
"All In 1 Max™ Dishwasher Detergent Tabs, Powerball","All In 1 Max™ Dishwasher Detergent Tabs, Powerball"
Chopped Kit Caesar,Chopped Kit Caesar
Pistachios,Pistachios
Guacamole Crunch Chopped Salad Kit,Guacamole Crunch Chopped Salad Kit
Broccoli Crunch Chopped Salad Kit,Broccoli Crunch Chopped Salad Kit
Mixed Little Gems,Mixed Little Gems
Collard Greens,Collard Greens
Dill Pickle Chopped Salad Kit,Dill Pickle Chopped Salad Kit
Chopped Salad Kit,Chopped Salad Kit
Thai Chili Mango Chopped Salad Kit,Thai Chili Mango Chopped Salad Kit
Salted California Pistachios,Salted California Pistachios
Caribbean Avocado,Caribbean Avocado
Kale,Kale
Unsalted California Pistachios,Unsalted California Pistachios
Everything Chopped Salad Kit,Everything Chopped Salad Kit
Yellow Mini Potatoes,Yellow Mini Potatoes
Maple Bourbon Bacon Chopped Salad Kit,Maple Bourbon Bacon Chopped Salad Kit
Wonderful Pistachios,Wonderful Pistachios
Buffalo Ranch Chopped Salad Kit,Buffalo Ranch Chopped Salad Kit
Ruby Little Gems Potatoes,Ruby Little Gems Potatoes
Caulicrumble Veg Grounds,Caulicrumble Veg Grounds
Turkey Sausages Mild Italian,Turkey Sausages Mild Italian
BBQ Pork Ribs,Bbq Pork Ribs
Mighty Mushroom Bites,Mighty Mushroom Bites
Turkey Sausages Bratwurst,Turkey Sausages Bratwurst
Turkey Sausages Hot Italian,Turkey Sausages Hot Italian
Reduced Salt Bacon,Reduced Salt Bacon
Free From Bacon Naturally Smoked,Free From Bacon Naturally Smoked
Original Veggie Patty,Original Veggie Patty
Pork Back Ribs,Pork Back Ribs
Stewing Beef,Stewing Beef
Tofu Dessert,Tofu Dessert
Feta Cheese Olives 22 % M.F.,Feta Cheese Olives 22 % M.f.
Breton Reduced Fat and Salt Crackers,Breton Reduced Fat And Salt Crackers
Breton Basil and Olive Oil Crackers,Breton Basil And Olive Oil Crackers
Parmesan,Parmesan
Bocconcini Cheese,Bocconcini Cheese
Breton Morning Toasts Everything,Breton Morning Toasts Everything
Feta Cheese Crumbled 24% M.F.,Feta Cheese Crumbled 24% M.f.
Feta in Brine,Feta In Brine
Breton Garden Vegetable Crackers,Breton Garden Vegetable Crackers
Feta Cheese Lactose Free 22 % M.F.,Feta Cheese Lactose Free 22 % M.f.
Tofu,Tofu
Mozzarella Fresca,Mozzarella Fresca
Breton Original Crackers,Breton Original Crackers
Veggie Crisps Cracker Chips All Dressed,Veggie Crisps Cracker Chips All Dressed
Feta Cheese in Brine,Feta Cheese In Brine
Stix Skillet Gnocchi,Stix Skillet Gnocchi
Pesto Mozzarella Skillet Gnocchi,Pesto Mozzarella Skillet Gnocchi
Pasta Sauce,Pasta Sauce
Tortellini,Tortellini
Fresh Ricotta & Spinach Ravioli,Fresh Ricotta & Spinach Ravioli
Red Cluster Tomatoes,Red Cluster Tomatoes
Halves And Pieces Of Walnuts,Halves And Pieces Of Walnuts
Colourful Coleslaw Salad,Colourful Coleslaw Salad
Plantain,Plantain
Tropical Gold Pineapple,Tropical Gold Pineapple
Brussels Sprouts,Brussels Sprouts
Sweet Purple Potato,Sweet Purple Potato
Artichoke,Artichoke
Coloured Pepper,Coloured Pepper
Sweet Kale Chopped Salad Kit,Sweet Kale Chopped Salad Kit
Baby Romaine Lettuce,Baby Romaine Lettuce
Green Lettuce,Green Lettuce
Premium Lettuce Mix,Premium Lettuce Mix
Eggplant,Eggplant
Boned Cod Fillets,Boned Cod Fillets
Whole Natural Almonds,Whole Natural Almonds
Bag Of Grapefruits,Bag Of Grapefruits
Whole Roasted Cashew Nuts With No Salt Added,Whole Roasted Cashew Nuts With No Salt Added
Organic Blackberries,Organic Blackberries
Havarti Sliced Cheese,Havarti Sliced Cheese
Cheestrings Mozzarella Cheese,Cheestrings Mozzarella Cheese
Shreded Old Cheddar,Shreded Old Cheddar
Gouda Sliced Cheese,Gouda Sliced Cheese
Monterey Jack Sliced Cheese,Monterey Jack Sliced Cheese
Cappuccino Yogurt 6%,Cappuccino Yogurt 6%
Plain Yogurt 1%,Plain Yogurt 1%
Lactose Free Marble Cheddar Cheese Slices,Lactose Free Marble Cheddar Cheese Slices
Plain Yogurt 0%,Plain Yogurt 0%
Cheese Spread,Cheese Spread
Double Cheddar Shredded Cheese,Double Cheddar Shredded Cheese
Original Spread,Original Spread
Pizza Mozzarella Shredded Cheese,Pizza Mozzarella Shredded Cheese
Bar Pizza Mozzerella 28%,Bar Pizza Mozzerella 28%
Cheestrings Cheddar Cheese,Cheestrings Cheddar Cheese
Singles Original Thick Slices,Singles Original Thick Slices
Natural Cheese Sticks Marble Cheddar,Natural Cheese Sticks Marble Cheddar
Medium Cheddar Light,Medium Cheddar Light
Old Cheddar Light,Old Cheddar Light
Cream,Cream
Nordica Cottage Cheese,Nordica Cottage Cheese
Extra Creamy Greek Yogurt,Extra Creamy Greek Yogurt
High Protein Greek Yogurt,High Protein Greek Yogurt
Fat Free Greek Yogurt,Fat Free Greek Yogurt
Greek Yogurt,Greek Yogurt
Shredded Natural Cheese Triple Cheddar,Shredded Natural Cheese Triple Cheddar
Lactose Free 2% Dairy Product,Lactose Free 2% Dairy Product
Cherry Yogurt 3.25%,Cherry Yogurt 3.25%
Plain Yogurt 6%,Plain Yogurt 6%
Nordica On-The-Go Cottage Cheese,Nordica On-the-go Cottage Cheese
Whipping Cream,Whipping Cream
Yogurt,Yogurt
Triple Cheddar Shredded Cheese Blend,Triple Cheddar Shredded Cheese Blend
Shredded Natural Cheese Pizza Mozzarella,Shredded Natural Cheese Pizza Mozzarella
Singles Original Slices,Singles Original Slices
"Extra Lean Ground Beef, Value Pack","Extra Lean Ground Beef, Value Pack"
Thick Sliced Bacon,Thick Sliced Bacon
Maple Flavoured Bacon,Maple Flavoured Bacon
"Fully Cooked Bacon Slices, Ready Crisp","Fully Cooked Bacon Slices, Ready Crisp"
"Applewood Smoked Original Ham, Value Pack","Applewood Smoked Original Ham, Value Pack"
Reduced Fat And Sodium Smoked Ham,Reduced Fat And Sodium Smoked Ham
Chicken Wieners,Chicken Wieners
"Fully Cooked Crumbled Bacon, Ready Crisp","Fully Cooked Crumbled Bacon, Ready Crisp"
"Reduced Salt Fully Cooked Bacon Slices, Ready Crisp","Reduced Salt Fully Cooked Bacon Slices, Ready Crisp"
Original Natural Smoked Ham,Original Natural Smoked Ham
Original Chicken Wieners,Original Chicken Wieners
"Frozen BBQ Flavoured Chicken Wings, Prime","Frozen Bbq Flavoured Chicken Wings, Prime"
Frozen BBQ Pub Style Chicken Wings,Frozen Bbq Pub Style Chicken Wings
Frozen Montreal Steak Spice Mammoth Size Beef Burger...,Frozen Montreal Steak Spice Mammoth Size Beef Burger...
"All Pork Original Wieners, Value Pack, Red Hots","All Pork Original Wieners, Value Pack, Red Hots"
Smoky Bbq Flavoured Frozen Angus Beef Burgers,Smoky Bbq Flavoured Frozen Angus Beef Burgers
Frozen Sweet Honey Garlic Pub Style Chicken Wings,Frozen Sweet Honey Garlic Pub Style Chicken Wings
"Frozen BBQ Mammoth Size Beef Burgers, Butcher Shop","Frozen Bbq Mammoth Size Beef Burgers, Butcher Shop"
Lean Ground Beef Burgers,Lean Ground Beef Burgers
"Boneless Eye Of Round Steak, Value Pack","Boneless Eye Of Round Steak, Value Pack"
"Chicken Drumsticks, Value Pack","Chicken Drumsticks, Value Pack"
Lactose Free Nacho Shredded Cheese Blend,Lactose Free Nacho Shredded Cheese Blend
Tex Mex Shredded Cheese Blend,Tex Mex Shredded Cheese Blend
Biobest Yogurt with Probiotics,Biobest Yogurt With Probiotics
Cheestrings Marble Lactose-Free Cheese,Cheestrings Marble Lactose-free Cheese
Plain Yogurt 2%,Plain Yogurt 2%
Shredded Natural Cheese Tex Mex,Shredded Natural Cheese Tex Mex
Grade A Large Eggs,Grade A Large Eggs
Pizza Mozzarella and Cheddar Shredded Cheese Blend,Pizza Mozzarella And Cheddar Shredded Cheese Blend
Pizza Mozz Light 18%,Pizza Mozz Light 18%
Plain Yogurt 3%,Plain Yogurt 3%
Lactose Free Old Cheddar Cheese Slices,Lactose Free Old Cheddar Cheese Slices
Half and Half Cream,Half And Half Cream
Vanilla Yogurt 3.25%,Vanilla Yogurt 3.25%
Singles Original Light,Singles Original Light
Bar Old Cheddar,Bar Old Cheddar
Trutaste Light Cream,Trutaste Light Cream
Marble Cheddar Light,Marble Cheddar Light
Marble Cheddar,Marble Cheddar
Pork Chops,Pork Chops
"Lean Ground Pork, Value Pack","Lean Ground Pork, Value Pack"
Eye Of Round Steak,Eye Of Round Steak
Half Chicken Breats,Half Chicken Breats
Frozen Kickin' Hot Buffalo Pub Style Chicken Wings,Frozen Kickin' Hot Buffalo Pub Style Chicken Wings
"Frozen Buffalo Chicken Wings, Prime","Frozen Buffalo Chicken Wings, Prime"
"Peppered Eye Round Steak, Value Pack","Peppered Eye Round Steak, Value Pack"
Boneless Eye Of Round Roast,Boneless Eye Of Round Roast
"Fast Fry Eye Of Round Steak Marinated, Value Pack","Fast Fry Eye Of Round Steak Marinated, Value Pack"
Sliced Boneless Skinless Chicken Breasts Raised With...,Sliced Boneless Skinless Chicken Breasts Raised With...
"Selected Varieties Chicken Thighs, Value Pack","Selected Varieties Chicken Thighs, Value Pack"
Baby Back Pork Ribs,Baby Back Pork Ribs
Diet Cranberry Juice,Diet Cranberry Juice
Low Calorie Cranberry Raspberry Cocktail,Low Calorie Cranberry Raspberry Cocktail
Hydrafruit Watermelon Apple Fruit Juice,Hydrafruit Watermelon Apple Fruit Juice
Mango Nectar,Mango Nectar
Fruit Integration Fruit Beverage,Fruit Integration Fruit Beverage
Cocktail Cranberry Pink,Cocktail Cranberry Pink
Cran-Pineapple Diet Low Calorie Beverage,Cran-pineapple Diet Low Calorie Beverage
Cranberry Mango Cocktail,Cranberry Mango Cocktail
Energy Drink The Red Edition™,Energy Drink The Red Edition™
Energy Drink Sugarfree™,Energy Drink Sugarfree™
Pineapple Nectar,Pineapple Nectar
Guava Nectar,Guava Nectar
Diet Cranberry Mango Cocktail,Diet Cranberry Mango Cocktail
Hydrafruit Peach Beverage,Hydrafruit Peach Beverage
Cranberry Lemonade Cocktail,Cranberry Lemonade Cocktail
Cranberry Pineapple Cocktail,Cranberry Pineapple Cocktail
Energy Drink™,Energy Drink™
Razzleberry,Razzleberry
Lemon Tea,Lemon Tea
Blueberry Watermelon Wisdom Fruit Beverage,Blueberry Watermelon Wisdom Fruit Beverage
100% Juice Blends 100% Juice,100% Juice Blends 100% Juice
Cran-Pom Cocktail,Cran-pom Cocktail
Cran Tropical Cocktail,Cran Tropical Cocktail
Juice Drink,Juice Drink
Peach Nectar,Peach Nectar
Pineapple Juice,Pineapple Juice
Strawberry Passion Awareness Fruit Beverage,Strawberry Passion Awareness Fruit Beverage
The Winter Edition Energy Drink Fig-Apple,The Winter Edition Energy Drink Fig-apple
Smoked Brown Sugar Ham,Smoked Brown Sugar Ham
Potato Salad,Potato Salad
"Coleslaw, Creamy","Coleslaw, Creamy"
Gluten Free Cacciatore Salami,Gluten Free Cacciatore Salami
Genoa Salami Snack Kit,Genoa Salami Snack Kit
Turkey Breast Lunch Kit,Turkey Breast Lunch Kit
Red Wine Salami Snack Kit,Red Wine Salami Snack Kit
"Turkey Lunch Kit, Lunch Mate","Turkey Lunch Kit, Lunch Mate"
Natural Ham And Cheese Lunch Kit,Natural Ham And Cheese Lunch Kit
Natural Turkey And Cheese Lunch Kit,Natural Turkey And Cheese Lunch Kit
"Two Cheese Pizza Lunch Kit, Lunch Mate","Two Cheese Pizza Lunch Kit, Lunch Mate"
"Mini Pepperoni Pizzas Lunch Kit, Lunch Mate","Mini Pepperoni Pizzas Lunch Kit, Lunch Mate"
Dry Salami,Dry Salami
Spicy Calabrese Salami Snack Kit,Spicy Calabrese Salami Snack Kit
Prosciutto Ham,Prosciutto Ham
"Italian Style Dry Cured Meats, Gran Piatto","Italian Style Dry Cured Meats, Gran Piatto"
Roasted Red Peppers Hummus,Roasted Red Peppers Hummus
Original Hummus,Original Hummus
Peach Party,Peach Party
Orange Pure Breakfast Juice,Orange Pure Breakfast Juice
Cranberry Cherry Cocktail,Cranberry Cherry Cocktail
Passion Fruit Nectar,Passion Fruit Nectar
Energy Drink The Apricot Edition™ Sans Sucre,Energy Drink The Apricot Edition™ Sans Sucre
"Ham Lunch Kit, Lunch Mate","Ham Lunch Kit, Lunch Mate"
"Bologna Lunch Kit, Lunch Mate","Bologna Lunch Kit, Lunch Mate"
"Kielbassa Sausage Lunch Kit, Lunch Mate","Kielbassa Sausage Lunch Kit, Lunch Mate"
"Summer Sausage Lunch Kit, Lunch Mate","Summer Sausage Lunch Kit, Lunch Mate"
"Mini Burgers Kit, Lunchmate","Mini Burgers Kit, Lunchmate"
Platinum Plus Dishwasher Detergent,Platinum Plus Dishwasher Detergent
Free & Clear Laundry Loads,Free & Clear Laundry Loads
Laundry Liquid,Laundry Liquid
Fabric Softener Dryer Sheets,Fabric Softener Dryer Sheets
Ultra Oxi Liquid Laundry Detergent,Ultra Oxi Liquid Laundry Detergent
Complete ActionPacs,Complete Actionpacs
Platinum ActionPacs Dishwasher Detergent Pods,Platinum Actionpacs Dishwasher Detergent Pods
Liquid Fabric Softener,Liquid Fabric Softener
Coldwater Clean Fresh HE Turbo Clean Liquid Laundry Detergent,Coldwater Clean Fresh He Turbo Clean Liquid Laundry Detergent
Liquid Laundry Detergent Morning Fresh 100 Loads,Liquid Laundry Detergent Morning Fresh 100 Loads
Free & Gentle Liquid Laundry Detergent,Free & Gentle Liquid Laundry Detergent
Liquid Laundry Detergent Original Fresh 100 Loads,Liquid Laundry Detergent Original Fresh 100 Loads
"Frozen Boned Wild Pacific Salmon, Market Cuts","Frozen Boned Wild Pacific Salmon, Market Cuts"
"Frozen Boned Cod, Market Cuts","Frozen Boned Cod, Market Cuts"
"Frozen Boned Haddock, Market Cuts","Frozen Boned Haddock, Market Cuts"
Frozen English Style Fish Fillets In Batter,Frozen English Style Fish Fillets In Batter
Frozen Salt And Pepper Seasoned Breaded Calamari,Frozen Salt And Pepper Seasoned Breaded Calamari
Frozen Breaded Fish Sticks In A Family Pack,Frozen Breaded Fish Sticks In A Family Pack
Frozen Beer Battered Fish Fillets,Frozen Beer Battered Fish Fillets
Frozen Fish Sticks In Tempura Batter In A Family Pack,Frozen Fish Sticks In Tempura Batter In A Family Pack
FishBburgers,Fishbburgers
Frozen Roasted Garlic And Herb Seasoned Breaded Poll...,Frozen Roasted Garlic And Herb Seasoned Breaded Poll...
Frozen Lemon Peppercorn Seasoned Breaded Pollock Fil...,Frozen Lemon Peppercorn Seasoned Breaded Pollock Fil...
Frozen Boneless Skinless Tilapia,Frozen Boneless Skinless Tilapia
Whole Rainbow Trout,Whole Rainbow Trout
Frozen Breaded Haddock Fish Sticks,Frozen Breaded Haddock Fish Sticks
Frozen Tempura Battered Wild Haddock,Frozen Tempura Battered Wild Haddock
Frozen Fish Fries In Tempura Batter In A Family Pack,Frozen Fish Fries In Tempura Batter In A Family Pack
Frozen Breaded Fish Cake,Frozen Breaded Fish Cake
Frozen English Style Chips And Fish,Frozen English Style Chips And Fish
Original Cream Cheese,Original Cream Cheese
Original Cream Cheese Brick,Original Cream Cheese Brick
1% Chocolate Milk,1% Chocolate Milk
"3.25% Homogenized Milk, PurFiltre","3.25% Homogenized Milk, Purfiltre"
"Original Cream Cheese, Whipped","Original Cream Cheese, Whipped"
Herb And Garlic Cream Cheese,Herb And Garlic Cream Cheese
"Chive Cream Cheese, Whipped","Chive Cream Cheese, Whipped"
"Marbelicious Mozzarella Cheese Sticks, Cheesetrings","Marbelicious Mozzarella Cheese Sticks, Cheesetrings"
"0% Skim Milk, PurFiltre","0% Skim Milk, Purfiltre"
Extra-Old Cheddar Cheese,Extra-old Cheddar Cheese
Light Cream Cheese Spread Brick,Light Cream Cheese Spread Brick
Jalapeno Monterey Jack Cheese,Jalapeno Monterey Jack Cheese
Mini Mini Bocconcini Cheese,Mini Mini Bocconcini Cheese
Smoked Salmon Cream Cheese,Smoked Salmon Cream Cheese
Ricotta Cheese,Ricotta Cheese
"Mozzarella Cheese Sticks, Cheesetrings","Mozzarella Cheese Sticks, Cheesetrings"
Herbs And Garlic Flavoured Light Cream Cheese,Herbs And Garlic Flavoured Light Cream Cheese
Chive And Onion Cream Cheese,Chive And Onion Cream Cheese
Light Ricotta,Light Ricotta
Extra Smooth Ricotta Cheese,Extra Smooth Ricotta Cheese
Medallion Slices Bocconcini Cheese,Medallion Slices Bocconcini Cheese
Strawberry Cream Cheese,Strawberry Cream Cheese
Marble Cheddar Cheese Sticks,Marble Cheddar Cheese Sticks
Lactose Free Marble Cheddar Cheese,Lactose Free Marble Cheddar Cheese
"Lactose Free Marble Mozzarella Cheese Sticks, Cheese...","Lactose Free Marble Mozzarella Cheese Sticks, Cheese..."
Medium Cheddar Cheese Sticks,Medium Cheddar Cheese Sticks
"Marbelicious Cheese Sticks, Cheestrings Ficello","Marbelicious Cheese Sticks, Cheestrings Ficello"
"Cheese Slices, Singles","Cheese Slices, Singles"
Old White Cheddar Cheese,Old White Cheddar Cheese
"Cheddarific Cheese Cheese Sticks, Cheestrings Ficello","Cheddarific Cheese Cheese Sticks, Cheestrings Ficello"
Marble Cheddar Shredded Cheese,Marble Cheddar Shredded Cheese
Paneer Cheese,Paneer Cheese
Marble Cheddar Cheese,Marble Cheddar Cheese
"Thick Cheese Slices, Singles","Thick Cheese Slices, Singles"
Mozzarella Cheese,Mozzarella Cheese
Lactose Free Soft Original Cream Cheese,Lactose Free Soft Original Cream Cheese
"Thin Sliced Chesse, Velveeta","Thin Sliced Chesse, Velveeta"
"Cheese Sticks With Jalapeño Spices, Cheestrings","Cheese Sticks With Jalapeño Spices, Cheestrings"
Lactose Free Original Cream Cheese,Lactose Free Original Cream Cheese
3 Shredded Cheese Blend,3 Shredded Cheese Blend
Lactose Free Mozzarella Pizza Shredded Cheese,Lactose Free Mozzarella Pizza Shredded Cheese
Old Cheddar Shredded Cheese,Old Cheddar Shredded Cheese
2% Vanilla Skyr Yogurt,2% Vanilla Skyr Yogurt
Herbs And Garlic Cream Cheese,Herbs And Garlic Cream Cheese
100% Natural Spring Water,100% Natural Spring Water
Pineapple Breeze 100% Juice Blend Made From Concentrate,Pineapple Breeze 100% Juice Blend Made From Concentrate
Guava And Mango Blend Fruit Juice Cocktail,Guava And Mango Blend Fruit Juice Cocktail
Fruit Punch Drink,Fruit Punch Drink
Peach Beverage,Peach Beverage
Grape Beverage,Grape Beverage
"Orange Juice With Pulp, Not From Concentrate","Orange Juice With Pulp, Not From Concentrate"
Strawberry-Banana Cocktail Juice Boxes,Strawberry-banana Cocktail Juice Boxes
"Orange Juice Without Pulp, Not From Concentrate","Orange Juice Without Pulp, Not From Concentrate"
Breakfast Blend Ground Coffee,Breakfast Blend Ground Coffee
Lemonade Juice Boxes,Lemonade Juice Boxes
"Orange, Carrot And Mango Flavoured Immuni Force Juic...","Orange, Carrot And Mango Flavoured Immuni Force Juic..."
Lemon Iced Tea Beverage,Lemon Iced Tea Beverage
Rich And Full Bodied Roast Ground Coffee,Rich And Full Bodied Roast Ground Coffee
Grape Cocktail Juice Boxes,Grape Cocktail Juice Boxes
1896 Tradition Ground Coffee,1896 Tradition Ground Coffee
1896 Tradition Decaf Ground Coffee,1896 Tradition Decaf Ground Coffee
"Pinea Colada Fruit Drink, Limited Edition","Pinea Colada Fruit Drink, Limited Edition"
"Berry Pomegranate Antioxidant Juice, Health Break","Berry Pomegranate Antioxidant Juice, Health Break"
"Full City Dark Ground Coffee, Bold","Full City Dark Ground Coffee, Bold"
Original Roast Coffee Compostable Pods,Original Roast Coffee Compostable Pods
House Blend Coffee Compostable Pods,House Blend Coffee Compostable Pods
Lemon-Lime Lemonade,Lemon-lime Lemonade
Dark Roast Coffee Compostable Pods,Dark Roast Coffee Compostable Pods
Decaf Coffee Compostable Pods,Decaf Coffee Compostable Pods
Morning Blend Coffee Compostable Pods,Morning Blend Coffee Compostable Pods
"2-Ply Paper Towels, Ultra","2-ply Paper Towels, Ultra"
2-Ply Bathroom Tissue,2-ply Bathroom Tissue
"Original Dishwashing Liquid Soap, Essential Clean","Original Dishwashing Liquid Soap, Essential Clean"
"Lavender And Lime Ultra Concentrated Dish Soap, Ultra","Lavender And Lime Ultra Concentrated Dish Soap, Ultra"
Marine Purity™ Liquid Dish Soap,Marine Purity™ Liquid Dish Soap
"Orange Liquid Dish Soap, Essential Clean","Orange Liquid Dish Soap, Essential Clean"
"Liquid Dish Soap, Ultra","Liquid Dish Soap, Ultra"
"Lemon Liquid Dish Soap, Essential Clean","Lemon Liquid Dish Soap, Essential Clean"
"Passion Fruit & Mandarin Liquid Dish Soap, Ultra","Passion Fruit & Mandarin Liquid Dish Soap, Ultra"
"Original Scented Dish Soap, Ultra","Original Scented Dish Soap, Ultra"
Oxiboost Waterfall Delight Scented HE Laundry Deterg...,Oxiboost Waterfall Delight Scented He Laundry Deterg...
"Liquid Laundry Detergent For Newborns, Snow","Liquid Laundry Detergent For Newborns, Snow"
2-Ply Facial Tissues,2-ply Facial Tissues
Free & Gentle Fabric Softener Sheets,Free & Gentle Fabric Softener Sheets
Citrus And Salt Scented Dishwashing Detergent,Citrus And Salt Scented Dishwashing Detergent
"Outdoor Fresh Fabric Softener Sheets, 4-In-1","Outdoor Fresh Fabric Softener Sheets, 4-in-1"
"2-Ply Paper Towel, Ultra Pro","2-ply Paper Towel, Ultra Pro"
"Mega 2-Ply Bathroom Tissue, UltraLuxe","Mega 2-ply Bathroom Tissue, Ultraluxe"
Moonlight Breeze Scented Liquid Fabric Softener,Moonlight Breeze Scented Liquid Fabric Softener
April Fresh Scent Scented In-Wash Scent Booster Beads,April Fresh Scent Scented In-wash Scent Booster Beads
"Free Of Dyes And Perfumes Softener, Free & Gentle","Free Of Dyes And Perfumes Softener, Free & Gentle"
Lavender And Vanilla Bean Scented In-Wash Scent Boos...,Lavender And Vanilla Bean Scented In-wash Scent Boos...
"Cool Coton Scented Liquid Fabric Softener, Infusions","Cool Coton Scented Liquid Fabric Softener, Infusions"
"Fresh Linen Scented Dryer Sheets, 4-In-1","Fresh Linen Scented Dryer Sheets, 4-in-1"
"Refreshing Rain Scented Dish Soap, Platinum","Refreshing Rain Scented Dish Soap, Platinum"
"Lemon Scented Dishwashing Detergent, Ultra","Lemon Scented Dishwashing Detergent, Ultra"
Original Scented Liquid Fabric Softener,Original Scented Liquid Fabric Softener
"April Fresh Scented Liquid Fabric Softener, Infusions","April Fresh Scented Liquid Fabric Softener, Infusions"
"Lush Scented In-Wash Scent Booster Beads, Unstoppables","Lush Scented In-wash Scent Booster Beads, Unstoppables"
Moonlight Breeze Scented In-Wash Scent Booster Beads...,Moonlight Breeze Scented In-wash Scent Booster Beads...
"In-Wash Scent Booster Beads, Unstoppables","In-wash Scent Booster Beads, Unstoppables"
"Ocean Mist Scented In-Wash Scent Booster Beads, Light","Ocean Mist Scented In-wash Scent Booster Beads, Light"
"Original Scent In-Wash Scent Booster Beads, Fireworks","Original Scent In-wash Scent Booster Beads, Fireworks"
"White Lavender Scented In-Wash Scent Booster Beads, ...","White Lavender Scented In-wash Scent Booster Beads, ..."
